true_value,predicted_value,model_used,inference_time,energy
197.00000000000003,195.4646090347371,svm,0.021538257598876953,527561.0
202.0,199.5481645902925,svm,0.0008983612060546875,0.0
188.00000000000003,204.49172014584806,svm,0.0006959438323974609,12618.0
231.99999999999994,204.00883125695918,svm,0.0007684230804443359,0.0
206.00000000000003,213.44638681251485,svm,0.0009171962738037109,5524.0
177.0,211.02172014584798,svm,0.0006842613220214844,6698.0
201.0,207.48460903473696,svm,0.0011508464813232422,6271.0
173.0,206.7401645902924,svm,0.0005040168762207031,6988.0
164.0,200.21816459029245,svm,0.0008714199066162109,0.0
151.00000000000003,193.44238681251477,svm,0.0008666515350341797,4638.0
182.0,183.96083125695915,svm,0.0008792877197265625,3922.0
130.0,186.88060903473692,svm,0.0006802082061767578,4547.0
220.0,174.3832757014037,svm,0.0006761550903320312,0.0
176.0,190.42927570140367,svm,0.0009827613830566406,4943.0
165.0,186.58083125695916,svm,0.0008983612060546875,6484.0
142.99999999999997,191.25749792362583,svm,0.0004987716674804688,6363.0
183.0,180.64949792362586,svm,0.0010509490966796875,4029.0
182.0,187.92260903473704,svm,0.0010342597961425781,14587.0
139.0,185.19972014584806,svm,0.0005965232849121094,0.0
147.0,179.51549792362576,svm,0.0005202293395996094,0.0
216.0,176.44283125695924,svm,0.0005090236663818359,0.0
199.0,188.8557201458481,svm,0.0004787445068359375,6271.0
207.0,192.87394236807026,svm,0.0005342960357666016,6225.0
222.0,201.46460903473692,svm,0.0007226467132568359,4043.0
241.99999999999997,209.92638681251475,svm,0.0007612705230712891,0.0
205.0,222.3046090347369,svm,0.0007910728454589844,5325.0
177.0,218.92505347918154,svm,0.0006697177886962891,0.0
177.0,212.5750534791813,svm,0.0005872249603271484,4684.0
201.0,204.86305347918145,svm,0.0005245208740234375,12756.0
198.0,203.66283125695924,svm,0.0009725093841552734,4913.0
203.0,193.16966548562047,lstm,0.03205132484436035,250566.0
206.00000000000003,196.56935319304463,lstm,0.0022580623626708984,11703.0
131.0,201.3655191659927,lstm,0.0018222332000732422,9766.0
172.0,180.4713827371597,lstm,0.0020630359649658203,9704.0
183.0,174.3247717618942,lstm,0.002117156982421875,22933.0
170.0,174.95923638343808,lstm,0.0023767948150634766,10512.0
168.0,172.48388454318044,lstm,0.0020821094512939453,3768.0
148.0,170.14801561832425,lstm,0.0021979808807373047,10452.0
156.0,165.04818260669705,lstm,0.001461029052734375,12054.0
165.0,160.91504812240598,lstm,0.0019540786743164062,10818.0
163.0,160.8132819831371,lstm,0.0020270347595214844,23695.0
131.99999999999997,161.51090934872624,lstm,0.0014615058898925781,31202.0
145.0,152.31197029352185,lstm,0.0015153884887695312,12740.0
167.0,149.33713272213933,lstm,0.0025243759155273438,10634.0
174.0,154.24309760332105,lstm,0.0014905929565429688,9186.0
144.0,160.99565953016278,lstm,0.001874685287475586,27831.0
152.0,157.00156465172765,lstm,0.003078937530517578,36253.0
122.99999999999999,156.51700958609578,lstm,0.001959562301635742,20873.0
158.0,145.92379108071324,lstm,0.002078533172607422,26198.0
150.0,147.49846205115315,lstm,0.0018079280853271484,12038.0
106.99999999999997,147.59889826178548,lstm,0.0019466876983642578,13625.0
131.0,135.38628771901128,lstm,0.001722574234008789,12542.0
120.0,132.00936838984487,lstm,0.001959562301635742,11627.0
144.0,128.04667755961415,lstm,0.002334117889404297,37962.0
142.99999999999997,131.4623776078224,lstm,0.0015902519226074219,15960.0
166.0,135.52096515893933,lstm,0.002076864242553711,9643.0
120.99999999999999,147.76242628693578,lstm,0.002184629440307617,9658.0
104.99999999999999,141.66144073009488,lstm,0.0029726028442382812,30440.0
120.99999999999999,130.2923773229122,lstm,0.002226114273071289,14098.0
77.99999999999999,124.90334689617154,lstm,0.0023314952850341797,15883.0
104.99999999999999,108.16974148154256,lstm,0.0019311904907226562,7949.0
82.0,102.81489908695218,lstm,0.0021524429321289062,26808.0
124.99999999999997,93.83529535445237,linear,0.0008454322814941406,4302.0
82.0,96.2967502038808,linear,0.0006196498870849609,5234.0
74.0,91.8114108998208,linear,0.0007526874542236328,4730.0
74.0,91.18063209658483,linear,0.0006799697875976562,4257.0
118.0,87.60667974029163,linear,0.00043654441833496094,0.0
78.99999999999999,91.83784252583236,linear,0.0006470680236816406,11535.0
81.0,86.62302338317747,linear,0.0005478858947753906,4226.0
87.99999999999999,86.4955355732852,linear,0.0006899833679199219,0.0
73.00000000000001,88.06691604869505,linear,0.000701904296875,4074.0
74.0,87.77987537525425,linear,0.0006330013275146484,4409.0
80.00000000000001,82.8393403306158,linear,0.000621795654296875,0.0
78.99999999999999,82.95930343296637,linear,0.0006434917449951172,9765.0
74.0,82.72887121874025,linear,0.0006685256958007812,4898.0
66.0,81.15137039870109,linear,0.0004420280456542969,0.0
80.00000000000001,80.28753278219324,linear,0.000431060791015625,0.0
43.0,81.00234057532293,linear,0.0004353523254394531,0.0
58.0,76.60710905291299,linear,0.0006437301635742188,0.0
39.99999999999999,74.22276733005745,linear,0.0010178089141845703,7888.0
45.000000000000014,70.2485803724411,linear,0.00047326087951660156,23070.0
57.0,67.82019583652128,linear,0.00044345855712890625,28609.0
68.0,65.34874832724623,linear,0.0009031295776367188,18721.0
63.000000000000014,68.26844491583255,linear,0.0006024837493896484,4502.0
37.00000000000001,68.91111410872647,linear,0.0005819797515869141,0.0
48.0,68.40950974533354,linear,0.00040078163146972656,5570.0
58.99999999999999,68.69261262032575,linear,0.0005655288696289062,8422.0
58.0,68.94478523549967,linear,0.0006220340728759766,4700.0
40.99999999999999,67.86777819944518,linear,0.0008018016815185547,3845.0
41.999999999999986,65.3465556066575,linear,0.0007522106170654297,3708.0
45.000000000000014,65.8377201566601,linear,0.0005004405975341797,5234.0
45.000000000000014,65.45829921473855,linear,0.0004277229309082031,4532.0
43.0,63.87802592324455,linear,0.0003993511199951172,0.0
45.000000000000014,62.20698716698391,linear,0.00063323974609375,11214.0
31.999999999999993,62.665160712836325,linear,0.000766754150390625,0.0
29.000000000000004,41.16263478994369,lstm,0.002074718475341797,3922.0
39.0,36.639281511306756,lstm,0.0025513172149658203,9445.0
46.00000000000001,36.46832361817359,lstm,0.0026094913482666016,30074.0
36.00000000000001,39.46390807628631,lstm,0.002491474151611328,10086.0
31.999999999999993,39.007902145385735,lstm,0.001697540283203125,17928.0
27.00000000000001,37.34847038984298,lstm,0.0020987987518310547,12649.0
33.00000000000001,34.123304784297936,lstm,0.0020012855529785156,3311.0
39.99999999999999,33.026486039161675,lstm,0.0021123886108398438,3479.0
30.0,34.78578656911849,lstm,0.0022428035736083984,7293.0
39.0,33.883935362100594,lstm,0.0030624866485595703,8942.0
43.0,35.77156513929366,lstm,0.0028839111328125,20415.0
48.0,38.888004645705216,lstm,0.0025870800018310547,20003.0
19.000000000000007,42.69547507166862,lstm,0.0022966861724853516,3585.0
21.999999999999996,36.03982061147689,lstm,0.0020904541015625,10818.0
29.000000000000004,30.863809287548055,lstm,0.002048492431640625,7248.0
34.0,28.95597346127032,lstm,0.0021696090698242188,3509.0
27.00000000000001,29.859837293624867,lstm,0.002198457717895508,8758.0
37.00000000000001,28.86399559676646,lstm,0.002684354782104492,3281.0
25.0,32.19418123364448,lstm,0.002092599868774414,3372.0
30.999999999999996,30.867799073457707,lstm,0.002124309539794922,5248.0
25.999999999999996,30.86921766400336,lstm,0.0026273727416992188,8819.0
30.999999999999996,29.305895417928685,lstm,0.003122568130493164,20506.0
18.00000000000001,29.88051325082778,lstm,0.002140522003173828,3494.0
21.0,26.036895364522927,lstm,0.0030198097229003906,25801.0
16.999999999999996,24.078105539083474,lstm,0.0019016265869140625,16738.0
16.0,21.27641580998897,lstm,0.002031087875366211,3784.0
13.999999999999991,19.117250069975846,lstm,0.0022056102752685547,2914.0
24.000000000000004,16.85843721032142,lstm,0.003010988235473633,22201.0
18.00000000000001,18.99955138564109,lstm,0.002649068832397461,19667.0
13.999999999999991,19.131595566868775,lstm,0.002700328826904297,19988.0
16.0,17.84892372786998,lstm,0.0020074844360351562,34147.0
16.0,17.240312919020646,lstm,0.003322601318359375,28929.0
10.000000000000005,47.37009181027518,linear,0.00091552734375,3662.0
21.0,45.75991090856955,linear,0.000659942626953125,3434.0
20.000000000000004,46.1564573479587,linear,0.0006656646728515625,4181.0
13.999999999999991,46.85311514165621,linear,0.0007588863372802734,10711.0
15.000000000000004,46.60703143022019,linear,0.0007171630859375,16555.0
31.999999999999993,46.49331036426797,linear,0.0006823539733886719,5920.0
20.000000000000004,49.06164952690804,linear,0.0006775856018066406,0.0
13.999999999999991,48.93662608843266,linear,0.0007610321044921875,4059.0
12.999999999999995,48.225992217192776,linear,0.0006518363952636719,0.0
11.999999999999998,48.06314742826457,linear,0.0007936954498291016,3952.0
15.000000000000004,47.658544929395056,linear,0.0006959438323974609,0.0
13.999999999999991,45.76573735793568,linear,0.0006768703460693359,0.0
12.999999999999995,45.09975279735865,linear,0.0007541179656982422,3906.0
11.000000000000002,44.984801392767466,linear,0.0005805492401123047,0.0
11.000000000000002,44.743009182303574,linear,0.0006935596466064453,3540.0
16.0,44.61333790975188,linear,0.0007216930389404297,3891.0
11.999999999999998,44.75521390783201,linear,0.0006725788116455078,3707.0
11.000000000000002,44.52272981580028,linear,0.00067901611328125,0.0
7.999999999999996,44.29046677788004,linear,0.0004711151123046875,9490.0
11.999999999999998,43.921080143827766,linear,0.0006463527679443359,4409.0
12.999999999999995,44.03410528271083,linear,0.00047898292541503906,6957.0
11.000000000000002,43.715866536477456,linear,0.00042247772216796875,0.0
11.999999999999998,43.603275360624174,linear,0.0007195472717285156,20538.0
18.00000000000001,43.72599874348153,linear,0.0005028247833251953,16037.0
12.999999999999995,44.88897851943572,linear,0.0003974437713623047,0.0
12.999999999999995,44.99218609947444,linear,0.0006425380706787109,4379.0
11.000000000000002,44.99207256614702,linear,0.0005397796630859375,0.0
20.000000000000004,44.96895793193553,linear,0.0003597736358642578,0.0
10.000000000000005,45.910549681267945,linear,0.0005700588226318359,4028.0
13.999999999999991,44.97934777253999,linear,0.0007052421569824219,5127.0
18.00000000000001,45.100676261521485,linear,0.0007491111755371094,0.0
16.999999999999996,45.69319819024608,linear,0.0004723072052001953,0.0
21.999999999999996,46.36762853898363,linear,0.0007297992706298828,11398.0
21.0,74.63172014584809,svm,0.0008594989776611328,4806.0
20.000000000000004,75.67416459029255,svm,0.0007519721984863281,3159.0
25.0,76.42260903473694,svm,0.0009486675262451172,3982.0
25.0,77.59127570140367,svm,0.0007770061492919922,3891.0
12.999999999999995,78.49238681251472,svm,0.0009272098541259766,4150.0
21.999999999999996,76.49349792362581,svm,0.0008959770202636719,6851.0
28.000000000000007,77.08460903473701,svm,0.0009527206420898438,4318.0
27.00000000000001,78.08972014584803,svm,0.0009927749633789062,4104.0
34.0,79.27794236807027,svm,0.0010707378387451172,4745.0
39.99999999999999,81.58305347918143,svm,0.0011670589447021484,3540.0
34.0,85.10172014584803,svm,0.0009672641754150391,4211.0
30.999999999999996,86.29505347918129,svm,0.0006556510925292969,0.0
36.00000000000001,86.32083125695917,svm,0.0009179115295410156,8377.0
37.00000000000001,87.05794236807031,svm,0.0012059211730957031,3478.0
37.00000000000001,87.4643868125147,svm,0.0008802413940429688,3922.0
46.00000000000001,87.73105347918138,svm,0.0009310245513916016,3875.0
58.99999999999999,90.14105347918142,svm,0.0008206367492675781,3753.0
65.0,94.93660903473696,svm,0.0008130073547363281,3738.0
41.999999999999986,99.9228312569592,svm,0.0008389949798583984,4013.0
72.00000000000001,98.74060903473703,svm,0.0009107589721679688,4227.0
53.0,105.02460903473691,svm,0.001186370849609375,6012.0
85.99999999999999,102.80905347918136,svm,0.0008761882781982422,4196.0
67.0,111.12438681251476,svm,0.0009725093841552734,3418.0
75.0,109.2434979236258,svm,0.0007781982421875,3861.0
71.0,114.7937201458481,svm,0.0007655620574951172,8056.0
82.0,113.1343868125147,svm,0.0008299350738525391,3464.0
90.0,117.45394236807027,svm,0.0010421276092529297,4044.0
86.99999999999999,119.35594236807029,svm,0.0007703304290771484,3449.0
106.99999999999997,122.13038681251473,svm,0.0007481575012207031,4165.0
102.99999999999999,128.26572014584812,svm,0.0009007453918457031,3448.0
114.99999999999999,131.477720145848,svm,0.0010187625885009766,4227.0
121.99999999999999,137.5108312569592,svm,0.0009393692016601562,5753.0
158.0,141.7439423680702,svm,0.0007505416870117188,13686.0
100.0,154.3443868125146,svm,0.0009329319000244141,0.0
132.99999999999997,148.65838681251472,svm,0.000530242919921875,0.0
111.0,155.35505347918138,svm,0.0007565021514892578,7492.0
128.0,148.93349792362588,svm,0.0006604194641113281,10619.0
157.0,153.05105347918146,svm,0.0006685256958007812,13153.0
141.99999999999997,156.435720145848,svm,0.00046825408935546875,0.0
194.0,161.17705347918132,svm,0.0007488727569580078,0.0
216.0,175.48727570140363,svm,0.0007348060607910156,12496.0
218.0,189.65816459029244,svm,0.0007922649383544922,13412.0
155.0,203.66483125695916,svm,0.0005109310150146484,18965.0
204.0,197.06549792362566,svm,0.000919342041015625,26717.0
148.0,205.28016459029251,svm,0.0006618499755859375,11215.0
176.0,190.89283125695923,svm,0.000659942626953125,11718.0
168.99999999999997,191.92972014584808,svm,0.00045299530029296875,4074.0
160.00000000000003,183.8626090347368,svm,0.0004448890686035156,0.0
167.0,184.7441645902924,svm,0.0007925033569335938,4195.0
156.0,181.6101645902925,svm,0.0006341934204101562,0.0
174.0,180.28216459029247,svm,0.0007169246673583984,4074.0
213.0,182.53527570140363,svm,0.0008549690246582031,19378.0
198.0,191.9932757014037,svm,0.00047087669372558594,6180.0
145.0,197.2528312569592,svm,0.0003902912139892578,4425.0
171.0,190.6248312569592,svm,0.0005846023559570312,0.0
138.0,190.86172014584807,svm,0.0007174015045166016,0.0
162.0,179.84772014584797,svm,0.0006253719329833984,0.0
154.0,178.87438681251467,svm,0.0006937980651855469,8956.0
182.0,172.80105347918138,svm,0.0015735626220703125,5813.0
139.0,181.34260903473688,svm,0.0009710788726806641,4760.0
158.0,173.86416459029246,svm,0.0009860992431640625,4196.0
139.0,177.89127570140352,svm,0.0005979537963867188,0.0
148.0,170.72438681251472,svm,0.0006661415100097656,0.0
137.0,171.70127570140352,svm,0.0003342628479003906,0.0
131.0,165.36283125695914,svm,0.0010387897491455078,4028.0
151.00000000000003,163.80572014584808,svm,0.00040340423583984375,20583.0
152.0,164.70905347918142,svm,0.0003666877746582031,0.0
154.0,166.6441645902924,svm,0.0007343292236328125,6347.0
145.0,169.32794236807044,svm,0.0008387565612792969,7385.0
144.0,169.0766090347369,svm,0.0008032321929931641,4654.0
135.0,169.5959423680703,svm,0.0006449222564697266,0.0
120.99999999999999,166.0861645902925,svm,0.0010218620300292969,4165.0
128.0,160.74838681251478,svm,0.0006785392761230469,5157.0
152.0,157.79349792362584,svm,0.0014722347259521484,19774.0
152.0,160.9006090347369,svm,0.0007169246673583984,0.0
159.0,163.7472757014035,svm,0.0008738040924072266,4059.0
168.0,149.8653449118137,lstm,0.002367734909057617,14754.0
144.0,158.2463778555393,lstm,0.002416849136352539,19271.0
184.0,156.14172145724294,lstm,0.00267791748046875,14434.0
144.0,165.12161239981648,lstm,0.002072572708129883,3449.0
160.00000000000003,160.10364979505536,lstm,0.002176046371459961,6958.0
165.0,159.83615681529042,lstm,0.0021820068359375,10422.0
147.0,161.23658940196034,lstm,0.0021004676818847656,12634.0
127.0,157.82615587115285,lstm,0.001984834671020508,11154.0
119.0,146.52850076556203,lstm,0.0025229454040527344,8087.0
126.00000000000001,136.67048454284665,lstm,0.002653360366821289,8499.0
139.0,130.78728809952733,lstm,0.0028116703033447266,12420.0
121.99999999999999,131.44946843385694,lstm,0.002274751663208008,11032.0
162.0,128.49550187587735,lstm,0.0030226707458496094,14190.0
174.0,139.58159193396565,lstm,0.0023767948150634766,13046.0
149.0,153.2350471615791,lstm,0.0025136470794677734,14709.0
148.0,155.2076682448387,lstm,0.0019521713256835938,8743.0
159.0,154.26763921976087,lstm,0.002691984176635742,20247.0
144.0,157.06125184893605,lstm,0.002141714096069336,19393.0
141.0,152.734692543745,lstm,0.0019156932830810547,17196.0
162.0,147.86410376429555,lstm,0.0016477108001708984,19057.0
127.0,152.15505644679067,lstm,0.0015332698822021484,39228.0
162.0,144.9471269547939,lstm,0.0020923614501953125,3173.0
157.0,149.2887410521507,lstm,0.0019788742065429688,7781.0
168.0,152.80232384800908,lstm,0.002035379409790039,5294.0
149.0,158.9905349910259,lstm,0.0020275115966796875,3433.0
175.0,156.79140046238896,lstm,0.002034425735473633,3159.0
157.0,164.08100530505178,lstm,0.002004861831665039,3784.0
166.0,162.67060711979863,lstm,0.0022797584533691406,8118.0
131.0,164.1811755299568,lstm,0.0020246505737304688,3372.0
149.0,153.72376933693883,lstm,0.0021767616271972656,3753.0
172.0,151.32986232638356,lstm,0.0035178661346435547,7507.0
161.0,156.54587790369985,lstm,0.0026476383209228516,11032.0
161.0,127.27425596173424,linear,0.0007526874542236328,3890.0
144.0,126.80005933273588,linear,0.00067138671875,15594.0
162.0,128.11612497961468,linear,0.0004665851593017578,13580.0
158.0,129.58825407383097,linear,0.0007023811340332031,6729.0
208.0,128.02579445854258,linear,0.0006525516510009766,3449.0
176.0,133.68757718512728,linear,0.00047898292541503906,0.0
234.0,135.40529162014187,linear,0.000476837158203125,15487.0
191.0,145.93214761951066,linear,0.0005249977111816406,4531.0
210.0,149.12244317036166,linear,0.0006706714630126953,4761.0
157.0,154.99354234449575,linear,0.0010018348693847656,4044.0
170.0,148.94334204490386,linear,0.0004723072052001953,0.0
209.0,148.05306842574595,linear,0.0004870891571044922,0.0
192.0,145.48882241262342,linear,0.0012516975402832031,16646.0
200.0,145.60325878765963,linear,0.0006775856018066406,0.0
200.0,144.6614942550037,linear,0.0007131099700927734,13518.0
217.0,149.51988821718646,linear,0.0009210109710693359,0.0
158.0,154.88561039329775,linear,0.0005784034729003906,8651.0
183.0,148.83301280179165,linear,0.0007123947143554688,0.0
170.0,147.7753296741184,linear,0.0005991458892822266,4409.0
193.0,144.25780874223904,linear,0.0006530284881591797,4470.0
132.99999999999997,143.55437483122918,linear,0.0007565021514892578,3174.0
184.0,133.84098367078334,linear,0.0006899833679199219,3800.0
193.0,136.8840672496477,linear,0.000446319580078125,12481.0
186.0,138.1633261952753,linear,0.000988006591796875,4043.0
188.00000000000003,140.0060867366009,linear,0.0006499290466308594,0.0
236.0,139.59480119534368,linear,0.0006024837493896484,5080.0
151.00000000000003,151.46628238146894,linear,0.0007457733154296875,3066.0
199.0,147.34860830008347,linear,0.0006654262542724609,3601.0
171.0,148.14332462428592,linear,0.0004138946533203125,6897.0
215.00000000000003,146.26842470390653,linear,0.0006964206695556641,0.0
199.0,149.47301776832637,linear,0.0007910728454589844,3982.0
209.0,145.47334556487803,linear,0.00045037269592285156,0.0
181.0,152.04151145100488,linear,0.0006186962127685547,5295.0
215.00000000000003,196.49923935532567,lstm,0.0024640560150146484,12313.0
170.0,203.1139852106571,lstm,0.0020813941955566406,3219.0
137.0,192.39898070693013,lstm,0.0023527145385742188,29509.0
167.0,173.4340742230415,lstm,0.001672983169555664,20324.0
177.0,167.47758984565732,lstm,0.001966238021850586,31508.0
158.0,169.1170726716518,lstm,0.0024538040161132812,29432.0
161.0,164.0989504754543,lstm,0.0015692710876464844,8270.0
181.0,163.24774295091626,lstm,0.0017702579498291016,23314.0
153.0,170.24403646588323,lstm,0.002320528030395508,11550.0
197.00000000000003,165.59809923171994,lstm,0.002218961715698242,20033.0
186.99999999999997,175.03502458333966,lstm,0.0028791427612304688,29829.0
194.0,181.04174479842183,lstm,0.002188444137573242,19149.0
192.0,187.1546287834644,lstm,0.001978635787963867,40281.0
156.0,189.9754251539707,lstm,0.0023539066314697266,33659.0
168.0,181.2652614712715,lstm,0.001880645751953125,18126.0
180.0,175.10299280285832,lstm,0.0025153160095214844,15167.0
188.00000000000003,175.383465886116,lstm,0.0020503997802734375,23573.0
160.00000000000003,178.82111862301824,lstm,0.0022165775299072266,24398.0
182.0,173.2194237411022,lstm,0.0019218921661376953,24428.0
193.0,176.68846279382703,lstm,0.0019791126251220703,19393.0
184.0,182.59822234511373,lstm,0.0018591880798339844,28365.0
177.99999999999997,184.0394394099712,lstm,0.002774953842163086,23223.0
160.00000000000003,182.56282851099965,lstm,0.003198862075805664,52426.0
182.0,176.42944589257237,lstm,0.001621246337890625,31462.0
153.0,177.0994462072849,lstm,0.0022814273834228516,17714.0
166.0,168.75368297100064,lstm,0.004015445709228516,46262.0
193.0,166.6261518001556,lstm,0.002323150634765625,12359.0
138.0,174.59295630455014,lstm,0.002350330352783203,10162.0
114.99999999999999,164.75779712200162,lstm,0.002279996871948242,16448.0
165.0,147.1565108001232,lstm,0.0024480819702148438,13686.0
161.0,150.4537585377693,lstm,0.002428770065307617,3189.0
151.00000000000003,153.28634694218633,lstm,0.0027196407318115234,18569.0
142.99999999999997,171.12283125695907,svm,0.0010673999786376953,3830.0
139.0,169.69683125695917,svm,0.0010466575622558594,0.0
151.00000000000003,169.60616459029254,svm,0.0012025833129882812,4638.0
147.0,169.06794236807036,svm,0.0011591911315917969,3296.0
141.99999999999997,167.71727570140365,svm,0.0008966922760009766,4135.0
129.0,167.0826090347369,svm,0.0005652904510498047,6378.0
141.99999999999997,163.43594236807027,svm,0.0011723041534423828,12695.0
155.0,164.16372014584812,svm,0.0007085800170898438,4837.0
133.99999999999997,165.97927570140368,svm,0.0010793209075927734,4868.0
173.0,163.9088312569591,svm,0.0005147457122802734,4058.0
136.0,171.93927570140357,svm,0.000545501708984375,4120.0
123.99999999999999,167.99905347918138,svm,0.0005719661712646484,0.0
140.0,165.79260903473696,svm,0.0010535717010498047,4623.0
161.0,162.82972014584803,svm,0.0010166168212890625,13976.0
147.0,167.76438681251472,svm,0.000762939453125,3540.0
124.99999999999997,166.44727570140364,svm,0.0009751319885253906,5493.0
130.0,163.52616459029247,svm,0.000461578369140625,4516.0
121.99999999999999,162.0832757014036,svm,0.0007867813110351562,3769.0
108.0,157.62438681251476,svm,0.0008139610290527344,5645.0
117.0,151.00105347918142,svm,0.0007884502410888672,3463.0
142.99999999999997,148.1368312569591,svm,0.0010747909545898438,3006.0
91.0,152.58416459029252,svm,0.0009214878082275391,3021.0
131.99999999999997,144.42794236807023,svm,0.0008747577667236328,13427.0
113.99999999999999,150.09305347918135,svm,0.000827789306640625,0.0
105.99999999999999,146.10572014584793,svm,0.0008270740509033203,7995.0
96.99999999999999,146.30594236807028,svm,0.0005540847778320312,0.0
115.99999999999997,139.26838681251476,svm,0.0006496906280517578,9781.0
104.99999999999999,142.56727570140356,svm,0.0010693073272705078,18462.0
122.99999999999999,139.14438681251474,svm,0.00090789794921875,28639.0
117.0,143.434609034737,svm,0.0012106895446777344,0.0
93.99999999999999,143.81260903473697,svm,0.0009899139404296875,19836.0
101.0,141.480609034737,svm,0.0013697147369384766,0.0
82.0,139.24394236807024,svm,0.0011103153228759766,3632.0
93.99999999999999,96.76600419572611,linear,0.0008931159973144531,3464.0
80.00000000000001,93.50069343756941,linear,0.0005090236663818359,0.0
88.99999999999997,89.26895923650281,linear,0.0007572174072265625,4806.0
117.0,88.7109186069645,linear,0.0008156299591064453,14236.0
90.0,90.74745013467236,linear,0.0006983280181884766,0.0
78.99999999999999,91.57645431107271,linear,0.0007712841033935547,3112.0
82.0,89.80416354433082,linear,0.0007765293121337891,3586.0
61.0,89.94300367131434,linear,0.0007653236389160156,8880.0
81.0,86.55130277352447,linear,0.0008242130279541016,3662.0
63.000000000000014,82.57526169384406,linear,0.0007231235504150391,3433.0
75.99999999999999,79.45039074562453,linear,0.0007808208465576172,3891.0
81.0,79.15506943245377,linear,0.0007507801055908203,10375.0
54.000000000000014,79.13289967588759,linear,0.0006880760192871094,0.0
70.0,78.16731703758897,linear,0.0006420612335205078,3890.0
80.00000000000001,76.9763316734914,linear,0.0009288787841796875,34499.0
68.0,78.93980747167559,linear,0.0009198188781738281,3524.0
68.0,78.00696612025874,linear,0.0007987022399902344,2868.0
75.99999999999999,76.57499103277915,linear,0.0006198883056640625,7019.0
57.0,79.06439823782256,linear,0.0007498264312744141,14495.0
61.0,77.47379855183507,linear,0.0007684230804443359,3555.0
61.0,75.31777132956037,linear,0.0006253719329833984,0.0
61.0,74.49941841604084,linear,0.0007145404815673828,3524.0
45.000000000000014,73.68913923655965,linear,0.0008196830749511719,13503.0
49.99999999999999,70.11458090499774,linear,0.0006875991821289062,0.0
56.00000000000001,69.28533330023221,linear,0.0008060932159423828,3327.0
50.999999999999986,68.73813271103103,linear,0.0007548332214355469,3646.0
61.0,67.59848047820674,linear,0.0006592273712158203,0.0
65.0,67.69207283208364,linear,0.0004940032958984375,0.0
58.99999999999999,70.00291827115757,linear,0.000640869140625,4318.0
72.00000000000001,71.00829074400032,linear,0.00046515464782714844,0.0
48.99999999999999,72.906467073841,linear,0.0005891323089599609,11459.0
39.99999999999999,72.55040124311093,linear,0.0008459091186523438,6118.0
41.999999999999986,53.934808373451226,lstm,0.0019614696502685547,19560.0
36.00000000000001,48.57322767376899,lstm,0.0022695064544677734,36573.0
28.000000000000007,43.35810758173465,lstm,0.0015292167663574219,13733.0
39.99999999999999,36.742980480194085,lstm,0.0029129981994628906,30043.0
35.0,36.73625990748405,lstm,0.001982450485229492,7781.0
28.000000000000007,36.298199146986,lstm,0.002428293228149414,13625.0
36.00000000000001,33.639441281557076,lstm,0.0025246143341064453,20537.0
34.0,34.164044931530945,lstm,0.0025691986083984375,18325.0
30.999999999999996,34.567935392260544,lstm,0.0016274452209472656,7964.0
31.999999999999993,33.435137644410126,lstm,0.0026557445526123047,24809.0
24.000000000000004,33.02219480276107,lstm,0.002677440643310547,18524.0
28.000000000000007,30.411021783947934,lstm,0.0023648738861083984,31721.0
25.0,29.09808076918124,lstm,0.0026404857635498047,10085.0
27.00000000000001,27.560833990573872,lstm,0.0023877620697021484,22582.0
25.0,27.221312075853337,lstm,0.0016629695892333984,20049.0
18.00000000000001,26.49474546313285,lstm,0.002306699752807617,31416.0
21.999999999999996,23.968342095613473,lstm,0.002920389175415039,17272.0
19.000000000000007,22.887739613652222,lstm,0.002375364303588867,18584.0
21.999999999999996,21.517815589904778,lstm,0.002568960189819336,23879.0
30.0,21.421918869018548,lstm,0.002530813217163086,16555.0
19.000000000000007,24.27528075873851,lstm,0.002560853958129883,28852.0
21.999999999999996,23.534235656261437,lstm,0.0021865367889404297,26839.0
30.999999999999996,23.158158436417573,lstm,0.002378225326538086,27952.0
21.0,25.882446318864815,lstm,0.0028214454650878906,20751.0
10.000000000000005,25.010864287614815,lstm,0.0022356510162353516,23284.0
10.000000000000005,20.069523304700844,lstm,0.0026128292083740234,22017.0
22.999999999999993,16.20109781622886,lstm,0.0015411376953125,19531.0
22.999999999999993,17.48187229037284,lstm,0.0016024112701416016,22322.0
18.00000000000001,19.148281738162034,lstm,0.0018734931945800781,31340.0
12.999999999999995,19.456346407532685,lstm,0.0016508102416992188,33339.0
16.0,18.05036358535289,lstm,0.0023550987243652344,14999.0
15.000000000000004,17.438844665884965,lstm,0.0018761157989501953,13579.0
13.999999999999991,16.320658400654786,lstm,0.002498626708984375,16418.0
7.999999999999996,46.007695785847396,linear,0.0006341934204101562,3280.0
11.999999999999998,44.84188839719712,linear,0.00043702125549316406,0.0
15.000000000000004,44.72269522284198,linear,0.0004754066467285156,0.0
10.000000000000005,44.630808622324764,linear,0.0006639957427978516,0.0
16.0,44.051691005067255,linear,0.0004601478576660156,8376.0
13.999999999999991,44.318973898427885,linear,0.0007317066192626953,4516.0
18.00000000000001,44.990579488452205,linear,0.0006499290466308594,3754.0
13.999999999999991,45.69376494979523,linear,0.0006170272827148438,0.0
16.0,45.57855710337567,linear,0.0007073879241943359,3768.0
11.999999999999998,46.25253303411945,linear,0.0006139278411865234,5035.0
11.000000000000002,45.77812393510449,linear,0.0008947849273681641,4227.0
21.0,45.41135397161849,linear,0.000644683837890625,7370.0
12.999999999999995,45.810874977959564,linear,0.0005786418914794922,7492.0
13.999999999999991,45.67554829426091,linear,0.0006511211395263672,3281.0
18.00000000000001,45.4561875711491,linear,0.0005927085876464844,3708.0
15.000000000000004,46.15404876553939,linear,0.00037026405334472656,4180.0
10.000000000000005,46.581206345639366,linear,0.0006759166717529297,3616.0
16.0,45.31754543583215,linear,0.0004172325134277344,11870.0
9.000000000000009,45.67014468992571,linear,0.0004622936248779297,0.0
18.00000000000001,45.060140460190475,linear,0.0005860328674316406,0.0
9.000000000000009,45.1084708472949,linear,0.000934600830078125,4303.0
13.999999999999991,44.40186389000566,linear,0.001001119613647461,3189.0
24.000000000000004,44.85853382942614,linear,0.0007584095001220703,7050.0
12.999999999999995,45.845217699083896,linear,0.0004105567932128906,0.0
19.000000000000007,46.254747500373526,linear,0.0006506443023681641,0.0
12.999999999999995,46.409192888034084,linear,0.0005712509155273438,7705.0
19.000000000000007,46.816536538542614,linear,0.0008008480072021484,3326.0
12.999999999999995,47.386903459951974,linear,0.00043487548828125,0.0
21.0,46.13586267695064,linear,0.0006594657897949219,3830.0
11.999999999999998,47.069632902563455,linear,0.0006475448608398438,3052.0
21.0,46.25030197290155,linear,0.0004749298095703125,12848.0
24.000000000000004,47.183894677312985,linear,0.0007879734039306641,0.0
24.000000000000004,20.152289196848862,lstm,0.0021317005157470703,3448.0
33.00000000000001,22.266441285610192,lstm,0.002149820327758789,9978.0
25.0,26.305168569087975,lstm,0.002146005630493164,23512.0
25.999999999999996,27.299706935882558,lstm,0.0023746490478515625,3784.0
38.0,27.375707924365987,lstm,0.0030798912048339844,9064.0
39.99999999999999,31.03146009147166,lstm,0.0018279552459716797,34345.0
37.00000000000001,34.92071226239204,lstm,0.0021142959594726562,19545.0
25.0,36.5549374371767,lstm,0.0021712779998779297,2960.0
44.0,33.82164150476455,lstm,0.003187894821166992,58194.0
27.00000000000001,36.98252722620963,lstm,0.002056121826171875,5676.0
36.00000000000001,34.23915043473243,lstm,0.0020666122436523438,5111.0
34.0,34.43830281496047,lstm,0.002454042434692383,4547.0
44.0,34.47291642427444,lstm,0.0025620460510253906,16509.0
48.99999999999999,38.11846360564231,lstm,0.0025517940521240234,3372.0
68.0,42.14835129678249,lstm,0.0031194686889648438,10742.0
84.99999999999999,52.10207805037498,lstm,0.0020308494567871094,3158.0
68.0,65.11814281344412,lstm,0.0021533966064453125,3174.0
75.0,69.62314307689665,lstm,0.0035123825073242188,10177.0
71.0,73.26514378190039,lstm,0.0015635490417480469,7309.0
57.0,73.99353682994841,lstm,0.0029044151306152344,13137.0
59.99999999999999,68.79906609654425,lstm,0.002995014190673828,7339.0
53.0,64.69318628311156,lstm,0.0020394325256347656,6896.0
58.0,60.42471826076506,lstm,0.002127408981323242,32530.0
83.0,58.608195334672914,lstm,0.002771139144897461,19926.0
88.99999999999997,66.07604607939719,lstm,0.0022466182708740234,17546.0
75.0,75.41907846927641,lstm,0.002491474151611328,16387.0
93.0,77.79457926750182,lstm,0.0025746822357177734,7507.0
85.99999999999999,84.37898501753806,lstm,0.002192974090576172,3723.0
97.99999999999997,86.87974736094473,lstm,0.0020236968994140625,2914.0
101.0,91.0615749657154,lstm,0.002515554428100586,12450.0
87.99999999999999,95.27764379978179,lstm,0.002620697021484375,9247.0
106.99999999999997,94.72731932997702,lstm,0.002378702163696289,7583.0
189.0,98.84456560015676,lstm,0.001367330551147461,6073.0
191.0,153.3874979236258,svm,0.0007634162902832031,4837.0
177.0,168.62905347918138,svm,0.0009400844573974609,3235.0
197.00000000000003,180.888609034737,svm,0.0008978843688964844,3036.0
185.0,192.6030534791814,svm,0.0007853507995605469,0.0
173.0,197.41060903473698,svm,0.0008151531219482422,7644.0
215.00000000000003,195.33238681251476,svm,0.001005411148071289,0.0
239.0,201.526609034737,svm,0.0010230541229248047,3341.0
215.00000000000003,211.7310534791813,svm,0.0007734298706054688,3219.0
297.0,215.27372014584813,svm,0.0007867813110351562,4089.0
268.99999999999994,237.19683125695926,svm,0.0008084774017333984,3311.0
209.0,244.63105347918125,svm,0.0007696151733398438,0.0
259.0,241.18172014584812,svm,0.0006997585296630859,7232.0
259.0,243.87460903473686,svm,0.0005116462707519531,7645.0
246.99999999999997,245.08483125695906,svm,0.0007860660552978516,3174.0
286.99999999999994,243.48794236807026,svm,0.0007839202880859375,0.0
300.99999999999994,250.23772014584816,svm,0.0012297630310058594,44782.0
323.0,261.4497201458482,svm,0.0007944107055664062,3708.0
281.0,274.5128312569593,svm,0.0005767345428466797,8758.0
235.0,273.4234979236257,svm,0.0006608963012695312,0.0
271.0,265.1719423680703,svm,0.000518798828125,0.0
323.0,262.089720145848,svm,0.0009100437164306641,2869.0
299.0,269.1710534791816,svm,0.0007870197296142578,0.0
268.99999999999994,270.32572014584804,svm,0.0011959075927734375,8026.0
279.0,268.55016459029235,svm,0.00078582763671875,3174.0
315.0,269.71194236807037,svm,0.0006334781646728516,0.0
307.0,276.19683125695923,svm,0.0008180141448974609,0.0
335.0,276.8919423680703,svm,0.0007879734039306641,3448.0
323.0,286.78172014584777,svm,0.0009627342224121094,3327.0
242.99999999999997,290.946609034737,svm,0.0008432865142822266,16387.0
353.0,278.2870534791812,svm,0.0008955001831054688,3372.0
339.00000000000006,290.8061645902924,svm,0.0009436607360839844,4150.0
242.99999999999997,291.3261645902924,svm,0.0007817745208740234,0.0
363.0,295.4316553473472,lstm,0.0016314983367919922,14587.0
359.0,313.87400627136225,lstm,0.0020530223846435547,3479.0
309.0,332.07228869199747,lstm,0.002267599105834961,3235.0
299.0,324.51102375984186,lstm,0.002191781997680664,25527.0
321.00000000000006,315.72445124387735,lstm,0.0025436878204345703,3510.0
295.0,319.8954620957374,lstm,0.0015666484832763672,6606.0
277.0,308.54212731122965,lstm,0.0020728111267089844,30348.0
315.0,295.0118234753608,lstm,0.002706766128540039,3921.0
289.0,299.48279529809946,lstm,0.002131223678588867,3342.0
317.0,295.99902063608164,lstm,0.0020372867584228516,4699.0
255.0,300.98969310522074,lstm,0.0021352767944335938,2610.0
309.0,287.0920097827911,lstm,0.0022509098052978516,20125.0
341.0,293.2255342602729,lstm,0.0017788410186767578,7506.0
286.99999999999994,306.91440105438227,lstm,0.002576112747192383,23345.0
321.00000000000006,302.6126670837402,lstm,0.0020368099212646484,3296.0
281.0,307.62518584728235,lstm,0.002210378646850586,6378.0
321.00000000000006,301.9283035397529,lstm,0.0027675628662109375,3418.0
275.0,306.3540577888488,lstm,0.002251148223876953,38022.0
327.0,294.5161679387092,lstm,0.0016829967498779297,7797.0
279.0,304.2979526519775,lstm,0.0019459724426269531,26671.0
284.99999999999994,295.69572597742075,lstm,0.0021393299102783203,26000.0
303.0,292.41030573844904,lstm,0.0020580291748046875,4227.0
337.0,293.5336166620254,lstm,0.002336740493774414,3326.0
317.0,307.9834154248237,lstm,0.002058267593383789,3067.0
305.0,310.74175834655756,lstm,0.001909494400024414,18004.0
367.0,311.1336794495582,lstm,0.002410888671875,7995.0
397.0,329.62241828441614,lstm,0.0020303726196289062,22612.0
351.0,352.4868351221084,lstm,0.0021178722381591797,3204.0
309.0,354.1156962513923,lstm,0.0015730857849121094,24489.0
257.0,342.1687167882919,lstm,0.0021512508392333984,14830.0
345.0,315.4156240820884,lstm,0.0021660327911376953,8834.0
371.0,318.4172907471656,lstm,0.0016949176788330078,7553.0
295.0,329.8516625165939,lstm,0.0016522407531738281,17974.0
359.0,219.5423970752109,linear,0.00044274330139160156,5936.0
363.0,225.54411721760027,linear,0.0006837844848632812,0.0
303.0,237.48166378897864,linear,0.0007588863372802734,9750.0
403.0,232.41182323910795,linear,0.0007836818695068359,7690.0
373.0,236.64569521753293,linear,0.0004699230194091797,0.0
289.0,245.40191655608407,linear,0.0005686283111572266,16982.0
387.0,237.01632157228306,linear,0.0006077289581298828,7323.0
349.0,240.14949080840418,linear,0.0006723403930664062,3524.0
381.0,245.0744675822291,linear,0.0006306171417236328,3281.0
373.0,242.88583180392044,linear,0.0006434917449951172,3067.0
401.0,243.08708710906026,linear,0.0005979537963867188,6256.0
435.0,255.78558584925585,linear,0.0007479190826416016,0.0
373.0,261.620476930437,linear,0.0007724761962890625,18477.0
405.0,264.0703646924479,linear,0.00044608116149902344,0.0
375.00000000000006,266.87262249401203,linear,0.0006594657897949219,0.0
349.0,266.8458977339706,linear,0.0006949901580810547,5356.0
345.0,260.64877064462104,linear,0.0008523464202880859,5417.0
335.0,250.39837097124604,linear,0.0005712509155273438,10726.0
303.0,245.87250841185775,linear,0.0005376338958740234,0.0
337.0,234.10919674696996,linear,0.0006434917449951172,6408.0
381.0,229.92583482978512,linear,0.00045180320739746094,23054.0
345.0,233.88655376278012,linear,0.0004448890686035156,0.0
365.0,233.9040872298756,linear,0.00043272972106933594,0.0
309.0,237.48174450667523,linear,0.0006103515625,0.0
359.0,237.75249418877195,linear,0.0010426044464111328,4852.0
333.0,240.2933346565282,linear,0.00041961669921875,0.0
405.0,234.8273395097362,linear,0.0004360675811767578,17257.0
399.0,242.0334726760052,linear,0.0005221366882324219,11062.0
369.0,246.1957288925625,linear,0.0007097721099853516,12542.0
369.0,252.83622777904876,linear,0.0007913112640380859,7705.0
381.0,253.93465682552795,linear,0.0005960464477539062,5814.0
381.0,259.2332023066727,linear,0.0003802776336669922,7049.0
293.0,374.9451449513435,lstm,0.0025832653045654297,23345.0
325.0,347.1698513627052,lstm,0.002410411834716797,20110.0
375.00000000000006,336.6724586486816,lstm,0.0015134811401367188,26091.0
341.0,344.7977197170257,lstm,0.002214193344116211,11428.0
381.0,341.3235914707183,lstm,0.0030939579010009766,18447.0
248.99999999999997,351.6333401203155,lstm,0.003153562545776367,29250.0
329.0,322.9340121150016,lstm,0.0028836727142333984,27937.0
375.00000000000006,321.933444738388,lstm,0.002895355224609375,22398.0
359.0,334.0964046120643,lstm,0.0023567676544189453,32012.0
357.00000000000006,341.9447568058967,lstm,0.0025594234466552734,26503.0
389.0,345.6059971451759,lstm,0.002960205078125,18386.0
323.0,364.5683324337005,lstm,0.0020570755004882812,3753.0
355.0,353.30167353153223,lstm,0.0020034313201904297,3143.0
331.0,351.23549640178675,lstm,0.0023851394653320312,7507.0
311.0,343.3378836512565,lstm,0.0027844905853271484,15838.0
293.0,331.0638836026191,lstm,0.002070903778076172,15105.0
353.0,314.5037895441055,lstm,0.0020411014556884766,3967.0
349.0,324.4994977116584,lstm,0.0026998519897460938,14983.0
335.0,330.5008450150489,lstm,0.001966714859008789,8925.0
323.0,332.4880421161651,lstm,0.0022199153900146484,8926.0
365.0,330.7593831419944,lstm,0.0022029876708984375,12465.0
423.0,342.64564692974085,lstm,0.002378225326538086,34239.0
311.0,366.74225151538843,lstm,0.0028543472290039062,26045.0
329.0,351.4888566732406,lstm,0.003259420394897461,19698.0
263.0,344.48055833578104,lstm,0.002338886260986328,31355.0
323.0,318.0557629466056,lstm,0.0021839141845703125,9673.0
282.99999999999994,313.725799024105,lstm,0.0025222301483154297,13625.0
293.0,297.0883917808532,lstm,0.0017383098602294922,7583.0
275.0,294.29596722126,lstm,0.0018258094787597656,20018.0
299.0,286.0183495283126,lstm,0.0026102066040039062,10604.0
281.0,290.4999607801437,lstm,0.0018749237060546875,9292.0
300.99999999999994,285.65065085887903,lstm,0.0026526451110839844,8575.0
275.0,290.3907293081283,lstm,0.0020639896392822266,3296.0
261.0,202.54991506991854,linear,0.0006549358367919922,0.0
263.0,200.76625136312063,linear,0.0005507469177246094,9506.0
271.0,196.63315238539877,linear,0.0007162094116210938,3677.0
239.0,195.47134986710122,linear,0.0007040500640869141,0.0
241.0,188.32079674397994,linear,0.00067138671875,0.0
127.0,184.40873663094902,linear,0.0007386207580566406,3387.0
239.0,168.43200177069252,linear,0.0006928443908691406,0.0
246.99999999999997,165.969365233019,linear,0.0006506443023681641,13092.0
228.99999999999997,163.51743094111484,linear,0.00043892860412597656,0.0
207.0,162.4951517314451,linear,0.00034356117248535156,0.0
241.0,158.74275494057662,linear,0.0003199577331542969,6729.0
197.00000000000003,171.53404706706027,linear,0.0003914833068847656,0.0
230.99999999999997,166.5446225465906,linear,0.0005362033843994141,0.0
193.0,164.88655719133453,linear,0.0007655620574951172,4303.0
215.00000000000003,160.65213619427675,linear,0.0006158351898193359,0.0
230.99999999999997,161.5440739820785,linear,0.00043511390686035156,6744.0
145.0,160.6123796684832,linear,0.000621795654296875,0.0
195.0,154.19552702099048,linear,0.0006761550903320312,0.0
195.0,150.2377164047572,linear,0.0004482269287109375,0.0
235.0,150.4149466416732,linear,0.000492095947265625,6424.0
183.0,152.97350982881244,linear,0.0007600784301757812,3143.0
205.0,147.5520841704273,linear,0.0004391670227050781,0.0
203.0,154.29063347536737,linear,0.0007719993591308594,4867.0
186.99999999999997,155.16702265653777,linear,0.0007376670837402344,4745.0
185.0,154.09437253660758,linear,0.0007827281951904297,22688.0
189.0,148.46696376261067,linear,0.0007905960083007812,0.0
147.0,149.0824152639152,linear,0.0007688999176025391,7935.0
173.0,142.24827364090186,linear,0.0006692409515380859,0.0
183.0,138.8971347848815,linear,0.0004410743713378906,0.0
173.0,138.51254289881476,linear,0.0004372596740722656,0.0
173.0,137.1562905279631,linear,0.0007996559143066406,7324.0
163.0,135.4272481632121,linear,0.0008437633514404297,5401.0
167.0,137.10702024759325,linear,0.0006182193756103516,12695.0
167.0,136.38970309357407,linear,0.0006659030914306641,0.0
153.0,134.58808090435252,linear,0.0005793571472167969,10192.0
127.0,132.23652843997368,linear,0.0006158351898193359,6759.0
112.99999999999999,126.82829221639525,linear,0.0006477832794189453,3295.0
131.0,120.93532368394703,linear,0.0006721019744873047,0.0
151.00000000000003,116.84936711572219,linear,0.0006506443023681641,0.0
159.0,115.21158058310509,linear,0.0007250308990478516,4624.0
186.99999999999997,116.10343186994953,linear,0.0004608631134033203,0.0
151.00000000000003,123.19520003840086,linear,0.0007865428924560547,4288.0
147.0,127.37096071096106,linear,0.0007305145263671875,0.0
147.0,129.0540845755552,linear,0.0007665157318115234,6683.0
161.0,128.501033282771,linear,0.0006937980651855469,4532.0
131.0,128.73169294180641,linear,0.0007162094116210938,4211.0
135.0,122.31697116574972,linear,0.0008854866027832031,4043.0
153.0,120.45786229970209,linear,0.0005004405975341797,0.0
127.0,121.204674417709,linear,0.0008461475372314453,11200.0
124.99999999999997,118.80520322632594,linear,0.000560760498046875,0.0
117.0,114.71991780522623,linear,0.0006961822509765625,4623.0
151.00000000000003,113.01616174711782,linear,0.0005428791046142578,0.0
102.99999999999999,114.96068066760172,linear,0.0004467964172363281,8620.0
127.0,109.148636569474,linear,0.00045108795166015625,8041.0
149.0,109.20093522754861,linear,0.0004856586456298828,7126.0
111.0,112.0725418309066,linear,0.00046253204345703125,0.0
104.99999999999999,111.1952264398365,linear,0.0004203319549560547,16433.0
120.99999999999999,105.96269854046376,linear,0.00041985511779785156,10375.0
83.0,107.95705162966176,linear,0.0004165172576904297,0.0
104.99999999999999,102.71036581706795,linear,0.0008685588836669922,5065.0
129.0,97.83203381573045,linear,0.0007977485656738281,0.0
86.99999999999999,100.03847905988896,linear,0.0007758140563964844,0.0
93.0,97.8200860676088,linear,0.0007815361022949219,3692.0
96.99999999999999,94.67229875221186,linear,0.0009238719940185547,3677.0
81.0,96.17766482216415,linear,0.0008065700531005859,0.0
65.0,93.02758187055586,lstm,0.002876758575439453,19743.0
71.0,81.95289373397826,lstm,0.0018150806427001953,17196.0
61.0,77.08374127745627,lstm,0.003000497817993164,13458.0
65.0,70.55767506361006,lstm,0.002956867218017578,7644.0
76.99999999999999,67.08239421248435,lstm,0.002222299575805664,20415.0
61.0,69.70072224736212,lstm,0.002283811569213867,17547.0
73.00000000000001,67.89602681994437,lstm,0.0020477771759033203,7965.0
84.99999999999999,69.48174506425856,lstm,0.002633333206176758,7400.0
48.99999999999999,75.30434995889662,lstm,0.003011941909790039,38237.0
45.000000000000014,68.32201182842253,lstm,0.0026030540466308594,3326.0
68.99999999999999,59.67928439378737,lstm,0.002054929733276367,3540.0
48.99999999999999,61.34588003158568,lstm,0.0021545886993408203,8148.0
37.00000000000001,57.160328626632676,lstm,0.0020742416381835938,3632.0
43.0,49.47956517338752,lstm,0.002260446548461914,3693.0
48.99999999999999,46.69074028730392,lstm,0.002067089080810547,17119.0
47.00000000000001,47.02020794153213,lstm,0.0021750926971435547,2944.0
58.99999999999999,46.40452191233634,lstm,0.00220489501953125,4882.0
40.99999999999999,50.85715845227241,lstm,0.002012968063354492,3402.0
47.00000000000001,49.232783615589135,lstm,0.002068758010864258,8209.0
29.000000000000004,48.649663105607026,lstm,0.0022313594818115234,3433.0
40.99999999999999,42.265606671571724,lstm,0.00211334228515625,5097.0
45.000000000000014,40.77621072530746,lstm,0.0021409988403320312,16982.0
30.999999999999996,41.336536258459084,lstm,0.002357006072998047,3174.0
25.0,38.54846499860286,lstm,0.002123594284057617,6729.0
67.0,33.71165640652179,lstm,0.00368499755859375,12146.0
40.99999999999999,44.01879839599132,lstm,0.002257823944091797,3800.0
43.0,44.90017756819724,lstm,0.002120494842529297,11627.0
27.00000000000001,44.9693427234888,lstm,0.0017657279968261719,14709.0
22.999999999999993,39.97610792517661,lstm,0.0029358863830566406,7858.0
58.99999999999999,34.12842944264411,lstm,0.0022611618041992188,24519.0
30.999999999999996,39.791983738541596,lstm,0.0024328231811523438,3128.0
37.00000000000001,38.347929492592804,lstm,0.0024445056915283203,3723.0
35.0,89.59016459029255,svm,0.00096893310546875,3662.0
30.999999999999996,88.00438681251472,svm,0.0007700920104980469,3647.0
19.000000000000007,88.32394236807033,svm,0.0005502700805664062,10315.0
21.0,82.87772014584803,svm,0.0007967948913574219,0.0
22.999999999999993,81.13194236807028,svm,0.0009603500366210938,3235.0
37.00000000000001,79.23905347918134,svm,0.0009188652038574219,4990.0
21.0,81.64305347918139,svm,0.0008680820465087891,13641.0
29.000000000000004,79.67860903473687,svm,0.0011417865753173828,0.0
30.999999999999996,81.8932757014036,svm,0.0007486343383789062,7736.0
39.0,82.14927570140361,svm,0.0007462501525878906,0.0
39.0,85.390609034737,svm,0.000820159912109375,0.0
22.999999999999993,86.34305347918142,svm,0.0009198188781738281,3616.0
21.0,84.98705347918137,svm,0.0011637210845947266,4241.0
22.999999999999993,83.01060903473687,svm,0.0011379718780517578,3540.0
27.00000000000001,80.99727570140355,svm,0.0009486675262451172,5737.0
27.00000000000001,80.40838681251475,svm,0.0010128021240234375,0.0
30.999999999999996,79.85816459029246,svm,0.0011363029479980469,3311.0
25.0,81.48216459029251,svm,0.0007331371307373047,3860.0
29.000000000000004,81.2559423680703,svm,0.0009188652038574219,4074.0
21.0,82.29327570140364,svm,0.0008361339569091797,3509.0
30.999999999999996,80.38972014584806,svm,0.0008959770202636719,16937.0
45.000000000000014,81.94038681251475,svm,0.0011191368103027344,6286.0
29.000000000000004,85.05727570140367,svm,0.0009548664093017578,3555.0
33.00000000000001,84.93238681251471,svm,0.0008690357208251953,0.0
37.00000000000001,86.13505347918142,svm,0.0009045600891113281,3372.0
40.99999999999999,86.90305347918138,svm,0.0007877349853515625,3585.0
16.999999999999996,88.83594236807023,svm,0.0008985996246337891,10742.0
57.0,83.76038681251475,svm,0.0009069442749023438,18295.0
39.0,90.57372014584804,svm,0.0005733966827392578,10039.0
48.99999999999999,88.98794236807029,svm,0.0008471012115478516,3677.0
40.99999999999999,93.77194236807034,svm,0.0010182857513427734,21041.0
40.99999999999999,91.90305347918144,svm,0.0007927417755126953,3326.0
43.0,94.15994236807026,svm,0.0009000301361083984,3540.0
50.999999999999986,43.2546480000019,lstm,0.001940011978149414,9750.0
50.999999999999986,46.082998365163796,lstm,0.001950979232788086,14708.0
39.0,48.21783527731895,lstm,0.0023474693298339844,8636.0
53.0,46.229769289493554,lstm,0.002111196517944336,3510.0
63.000000000000014,48.47819097340106,lstm,0.0023827552795410156,3387.0
47.00000000000001,53.7992975115776,lstm,0.002014636993408203,7476.0
55.00000000000001,52.81202942132949,lstm,0.0023343563079833984,3280.0
81.0,53.81784558296203,lstm,0.0020246505737304688,4134.0
67.0,63.462044745683656,lstm,0.001790761947631836,10940.0
75.0,66.60835444927214,lstm,0.002749204635620117,11230.0
94.99999999999999,70.39132758975028,lstm,0.002097606658935547,3997.0
94.99999999999999,80.11431172490119,lstm,0.001966238021850586,3769.0
76.99999999999999,87.4129246175289,lstm,0.002083301544189453,3890.0
94.99999999999999,85.6688207387924,lstm,0.0020759105682373047,8850.0
75.0,89.51690718531607,lstm,0.0028028488159179688,14846.0
68.99999999999999,85.90514019131659,lstm,0.0021958351135253906,11641.0
76.99999999999999,79.68949705362319,lstm,0.0020165443420410156,3799.0
83.0,77.55411043763159,lstm,0.002554178237915039,24031.0
101.0,79.26376029849051,lstm,0.0022077560424804688,3448.0
88.99999999999997,86.20698079466818,lstm,0.0020940303802490234,13411.0
88.99999999999997,89.19795483350752,lstm,0.0021104812622070312,3784.0
102.99999999999999,90.77853068709372,lstm,0.0016579627990722656,8865.0
112.99999999999999,95.58577939867972,lstm,0.0021190643310546875,15487.0
131.0,102.48713374137876,lstm,0.0021097660064697266,10330.0
131.0,113.03421258926389,lstm,0.0020978450775146484,3662.0
109.0,121.81574910879132,lstm,0.002077341079711914,3357.0
111.0,120.59755221009252,lstm,0.002099275588989258,26610.0
120.99999999999999,118.14360335469243,lstm,0.002438783645629883,12054.0
129.0,118.82190242409703,lstm,0.002161741256713867,3433.0
120.99999999999999,121.77858203649518,lstm,0.0021162033081054688,12679.0
147.0,122.09076061844823,lstm,0.0022606849670410156,3769.0
122.99999999999999,131.26194849610326,lstm,0.0021207332611083984,3296.0
141.0,154.76927570140356,svm,0.0010476112365722656,4120.0
135.0,159.7537201458481,svm,0.0010478496551513672,0.0
142.99999999999997,158.54794236807032,svm,0.000644683837890625,0.0
175.0,162.62527570140358,svm,0.0007810592651367188,3922.0
155.0,169.62616459029243,svm,0.0008094310760498047,0.0
183.0,172.29727570140358,svm,0.00086212158203125,0.0
183.0,181.4817201458481,svm,0.0009357929229736328,3723.0
171.0,185.71016459029255,svm,0.0007877349853515625,3418.0
173.0,188.79994236807028,svm,0.0007920265197753906,0.0
165.0,188.30572014584794,svm,0.0008232593536376953,0.0
171.0,187.00172014584805,svm,0.0008075237274169922,3784.0
161.0,186.42438681251477,svm,0.0007522106170654297,3417.0
149.0,182.84260903473702,svm,0.0007913112640380859,3250.0
191.0,179.13238681251477,svm,0.0007700920104980469,0.0
221.0,184.9172757014035,svm,0.0007886886596679688,3616.0
239.0,195.49594236807036,svm,0.0007774829864501953,11017.0
228.99999999999997,209.5910534791814,svm,0.001215219497680664,3205.0
273.0,218.13060903473703,svm,0.0007874965667724609,3921.0
227.0,235.9194979236259,svm,0.0008108615875244141,0.0
205.0,234.50305347918132,svm,0.0008058547973632812,3998.0
279.0,230.97060903473698,svm,0.0008461475372314453,3417.0
217.0,239.3679423680703,svm,0.0008261203765869141,10314.0
179.0,232.13949792362578,svm,0.0012707710266113281,3281.0
253.0,221.49905347918144,svm,0.0009214878082275391,0.0
293.0,226.3643868125148,svm,0.0008068084716796875,0.0
303.0,240.38527570140366,svm,0.00079345703125,0.0
277.0,253.18394236807023,svm,0.0012924671173095703,3647.0
259.0,259.39727570140354,svm,0.0009114742279052734,3448.0
228.99999999999997,262.9163868125147,svm,0.0009357929229736328,8559.0
271.0,253.05327570140358,svm,0.0008454322814941406,4090.0
271.0,253.32483125695913,svm,0.0008020401000976562,3525.0
264.99999999999994,250.57772014584802,svm,0.0008609294891357422,3250.0
197.00000000000003,252.4510534791816,svm,0.0007624626159667969,3417.0
268.99999999999994,179.53496185722085,linear,0.0003829002380371094,9765.0
291.0,184.17350999990032,linear,0.0008809566497802734,4776.0
257.0,186.68655033398798,linear,0.0005059242248535156,0.0
213.0,185.10923098083117,linear,0.0006263256072998047,3463.0
259.0,179.0363970177493,linear,0.0007052421569824219,0.0
259.0,185.97912804579457,linear,0.0007672309875488281,3982.0
291.0,184.8523713800059,linear,0.0007579326629638672,11062.0
321.00000000000006,185.2071208029776,linear,0.0007576942443847656,3189.0
250.99999999999994,192.88303902384115,linear,0.00043511390686035156,0.0
295.0,196.83941968627212,linear,0.0006663799285888672,0.0
227.0,201.02478819958165,linear,0.0007374286651611328,3845.0
327.0,196.9195328609868,linear,0.0007662773132324219,8407.0
264.99999999999994,201.38530638299102,linear,0.0006909370422363281,0.0
313.0,195.02371536307632,linear,0.0007317066192626953,4974.0
289.0,202.23184019031217,linear,0.0006210803985595703,0.0
307.0,201.62428251646665,linear,0.0005843639373779297,5951.0
327.0,210.5933999611066,linear,0.000614166259765625,0.0
261.0,210.88174537536693,linear,0.0006213188171386719,0.0
307.0,210.01678556718764,linear,0.0006122589111328125,5447.0
315.0,209.48715673454578,linear,0.0006318092346191406,3601.0
297.0,212.4769613340372,linear,0.0006239414215087891,0.0
303.0,211.2907053281919,linear,0.0005612373352050781,8361.0
309.0,208.71752473492705,linear,0.0006115436553955078,4089.0
284.99999999999994,214.0879905072074,linear,0.000640869140625,3662.0
317.0,211.45297424721426,linear,0.0006394386291503906,3372.0
355.0,211.8465913860965,linear,0.0006916522979736328,0.0
289.0,218.7155744024711,linear,0.0006756782531738281,0.0
335.0,216.90124865114998,linear,0.0007181167602539062,8147.0
281.0,220.04768072961932,linear,0.0008881092071533203,0.0
271.0,219.22563851256402,linear,0.0007607936859130859,3479.0
357.00000000000006,213.74302048706107,linear,0.0006232261657714844,3524.0
277.0,214.50963960899568,linear,0.000736236572265625,4761.0
297.0,212.81783541807536,linear,0.0007619857788085938,3586.0
317.0,281.37683125695924,svm,0.0007956027984619141,3601.0
293.0,281.6834979236258,svm,0.0008442401885986328,0.0
361.0,282.73994236807033,svm,0.0007410049438476562,4928.0
300.99999999999994,293.17905347918145,svm,0.0007915496826171875,0.0
300.99999999999994,289.0954979236258,svm,0.0008647441864013672,0.0
284.99999999999994,291.56660903473676,svm,0.0007519721984863281,3372.0
345.0,281.484831256959,svm,0.0009379386901855469,3952.0
345.0,292.85727570140364,svm,0.0010445117950439453,15151.0
307.0,294.09727570140353,svm,0.0008783340454101562,0.0
353.0,294.6777201458481,svm,0.0007429122924804688,3112.0
413.0,303.41194236807013,svm,0.0008993148803710938,3402.0
313.0,322.1492757014034,svm,0.0008685588836669922,21178.0
341.0,313.3181645902925,svm,0.0008120536804199219,0.0
284.99999999999994,316.16349792362575,svm,0.0009355545043945312,7079.0
211.0,299.28483125695936,svm,0.0006816387176513672,7584.0
305.0,275.05994236807027,svm,0.0007758140563964844,3449.0
277.0,269.471497923626,svm,0.0007889270782470703,3250.0
284.99999999999994,261.51994236807025,svm,0.0007865428924560547,0.0
246.99999999999997,264.4123868125146,svm,0.0007951259613037109,3417.0
289.0,254.417720145848,svm,0.0008814334869384766,19835.0
389.0,264.8599423680703,svm,0.0009303092956542969,2854.0
325.0,285.4514979236259,svm,0.0008075237274169922,0.0
367.0,290.73149792362585,svm,0.0009210109710693359,3128.0
333.0,308.8683868125147,svm,0.0008716583251953125,20033.0
347.0,308.6946090347369,svm,0.0009086132049560547,3296.0
289.0,316.6817201458479,svm,0.0008809566497802734,10299.0
379.0,298.1643868125146,svm,0.0010528564453125,3357.0
300.99999999999994,312.6403868125147,svm,0.0007023811340332031,7767.0
259.0,296.78483125695914,svm,0.0008246898651123047,0.0
327.0,287.3906090347369,svm,0.0008022785186767578,3586.0
295.0,285.92794236807026,svm,0.0007903575897216797,3463.0
309.0,281.96838681251455,svm,0.0009140968322753906,19484.0
325.0,282.07594236807034,svm,0.0009274482727050781,11031.0
279.0,212.496690968898,linear,0.0006668567657470703,0.0
271.0,214.40997311979967,linear,0.0005702972412109375,10818.0
351.0,207.95016654834822,linear,0.0006632804870605469,3174.0
255.0,214.6480611092094,linear,0.0006635189056396484,0.0
268.99999999999994,208.1415650441808,linear,0.000762939453125,3326.0
257.0,201.80031078061586,linear,0.000823974609375,13473.0
313.0,199.11857655258018,linear,0.0007612705230712891,3952.0
297.0,204.00964864365673,linear,0.000598907470703125,0.0
248.99999999999997,198.16909790149148,linear,0.0005669593811035156,0.0
331.0,197.2206929820536,linear,0.0007355213165283203,0.0
241.0,204.6057259515791,linear,0.0007328987121582031,3967.0
311.0,202.29411414531697,linear,0.0006961822509765625,4089.0
275.0,202.3734969109223,linear,0.0006227493286132812,3784.0
297.0,199.8434595204007,linear,0.0007545948028564453,3021.0
291.0,205.23890184829955,linear,0.0006308555603027344,0.0
250.99999999999994,200.8839424290727,linear,0.0006437301635742188,0.0
295.0,201.63245514958555,linear,0.0007455348968505859,4898.0
307.0,200.0194045573094,linear,0.0007042884826660156,0.0
284.99999999999994,203.7456626893399,linear,0.0007977485656738281,24245.0
264.99999999999994,202.38375804600827,linear,0.0007801055908203125,3922.0
257.0,199.36006871205723,linear,0.000545501708984375,8438.0
227.0,199.7816949608287,linear,0.00044083595275878906,11916.0
221.0,191.77244047360853,linear,0.0007071495056152344,0.0
228.99999999999997,181.89076986999206,linear,0.0007388591766357422,3296.0
215.00000000000003,175.53856832934233,linear,0.0007658004760742188,3951.0
232.99999999999994,169.79888620835862,linear,0.0007696151733398438,3616.0
271.0,167.21657373380668,linear,0.000804901123046875,3525.0
232.99999999999994,172.49517021029752,linear,0.0007796287536621094,8712.0
273.0,173.7739416767909,linear,0.0007724761962890625,4303.0
217.0,178.99902960007594,linear,0.0007350444793701172,13946.0
237.0,178.91520981045272,linear,0.0007104873657226562,0.0
227.0,179.28321381740665,linear,0.0007021427154541016,3524.0
209.0,231.01372014584794,svm,0.00081634521484375,0.0
213.0,227.2519423680704,svm,0.0009531974792480469,8178.0
225.0,220.83460903473687,svm,0.0007767677307128906,0.0
221.0,221.7243868125148,svm,0.0009186267852783203,3570.0
197.00000000000003,220.8870534791814,svm,0.0008320808410644531,0.0
225.0,215.853720145848,svm,0.0007443428039550781,0.0
177.0,219.2643868125147,svm,0.0009539127349853516,3799.0
197.00000000000003,209.04038681251473,svm,0.0008609294891357422,15151.0
193.0,208.7790534791814,svm,0.0008003711700439453,8087.0
159.0,202.93994236807026,svm,0.0009799003601074219,3250.0
139.0,196.19505347918135,svm,0.0007851123809814453,3372.0
168.99999999999997,183.67149792362588,svm,0.0007977485656738281,3662.0
171.0,182.72260903473682,svm,0.0009813308715820312,3418.0
195.0,180.76927570140364,svm,0.0009160041809082031,18325.0
185.0,187.17105347918138,svm,0.0006868839263916016,8071.0
139.0,189.92483125695918,svm,0.0008440017700195312,0.0
131.0,184.93905347918138,svm,0.0007240772247314453,3159.0
129.0,176.7612757014036,svm,0.0007975101470947266,3585.0
159.0,168.0670534791814,svm,0.0011060237884521484,3189.0
151.00000000000003,168.1568312569592,svm,0.0008471012115478516,3158.0
117.0,165.9843868125147,svm,0.0008158683776855469,0.0
139.0,161.5594979236258,svm,0.0009284019470214844,7599.0
111.0,162.52483125695912,svm,0.0009686946868896484,3677.0
111.0,155.27772014584804,svm,0.0008139610290527344,0.0
73.00000000000001,151.22260903473696,svm,0.0007560253143310547,3784.0
106.99999999999997,136.85816459029255,svm,0.0009002685546875,3036.0
81.0,138.11283125695914,svm,0.0008974075317382812,3266.0
65.0,128.33105347918143,svm,0.0008599758148193359,7797.0
93.0,123.38794236807028,svm,0.0005810260772705078,8407.0
102.99999999999999,122.61594236807031,svm,0.0008609294891357422,3265.0
78.99999999999999,126.74394236807032,svm,0.0010194778442382812,3555.0
129.0,124.18349792362585,svm,0.0008141994476318359,0.0
177.0,134.81683125695912,svm,0.0008115768432617188,0.0
201.0,104.744250446244,linear,0.0005776882171630859,12587.0
131.0,117.39875110958782,linear,0.00054931640625,10879.0
114.99999999999999,120.40404626714407,linear,0.0007815361022949219,3769.0
101.0,124.1029396853245,linear,0.0006430149078369141,3723.0
101.0,120.53477484682728,linear,0.0008304119110107422,2884.0
117.0,111.7463196164426,linear,0.0007693767547607422,0.0
104.99999999999999,102.42723258696309,linear,0.0006983280181884766,3143.0
81.0,99.48865082855072,linear,0.001008749008178711,4791.0
67.0,95.50367317040232,linear,0.0005712509155273438,8224.0
76.99999999999999,91.45275599491698,linear,0.0008411407470703125,4272.0
86.99999999999999,88.6496398183441,linear,0.0008327960968017578,4120.0
81.0,85.32898953506702,linear,0.0007367134094238281,0.0
71.0,82.67212430421834,linear,0.0006597042083740234,0.0
71.0,81.50973143819965,linear,0.000675201416015625,0.0
86.99999999999999,81.8971327666132,linear,0.0008606910705566406,7004.0
63.000000000000014,83.08541971161283,linear,0.0004355907440185547,5951.0
91.0,80.27943103725958,linear,0.0007069110870361328,5005.0
73.00000000000001,81.55832327365853,linear,0.0006103515625,0.0
86.99999999999999,81.72782781248232,linear,0.0006766319274902344,3617.0
58.99999999999999,83.58308902156841,linear,0.0007660388946533203,3250.0
67.0,80.30557380973777,linear,0.0007555484771728516,0.0
61.0,80.67205606526291,linear,0.0006690025329589844,8926.0
83.0,77.24228568838585,linear,0.0006690025329589844,3784.0
67.0,78.4683439227,linear,0.0006766319274902344,3509.0
75.0,76.22866754058998,linear,0.0008656978607177734,3876.0
40.99999999999999,78.06506522219365,linear,0.0006568431854248047,0.0
48.99999999999999,74.9190876087564,linear,0.0006520748138427734,0.0
48.99999999999999,73.4490418233859,linear,0.0008616447448730469,7416.0
35.0,69.58281253553652,linear,0.0004131793975830078,0.0
45.000000000000014,65.85163247958191,linear,0.0007753372192382812,0.0
53.0,62.53548461951325,linear,0.0006577968597412109,3418.0
33.00000000000001,63.934859014139484,linear,0.0006644725799560547,0.0
47.00000000000001,62.040190099539075,linear,0.0007960796356201172,3128.0
53.0,93.73238681251482,svm,0.0008068084716796875,3799.0
33.00000000000001,95.21194236807031,svm,0.0006344318389892578,8484.0
35.0,92.93683125695922,svm,0.0007660388946533203,3295.0
29.000000000000004,91.03727570140364,svm,0.0010445117950439453,4120.0
35.0,88.15105347918144,svm,0.00077056884765625,0.0
21.0,87.65238681251468,svm,0.0007772445678710938,0.0
37.00000000000001,82.85772014584808,svm,0.0008461475372314453,20492.0
22.999999999999993,85.04660903473693,svm,0.0007796287536621094,0.0
48.99999999999999,81.86572014584803,svm,0.0005922317504882812,0.0
39.0,87.69060903473691,svm,0.0007734298706054688,3875.0
35.0,87.15638681251475,svm,0.0008623600006103516,3357.0
35.0,89.40616459029249,svm,0.0008447170257568359,0.0
27.00000000000001,88.21638681251474,svm,0.0007622241973876953,3539.0
25.0,86.95860903473698,svm,0.0009560585021972656,3998.0
16.999999999999996,84.11283125695917,svm,0.0007510185241699219,0.0
19.000000000000007,80.26038681251477,svm,0.0008141994476318359,3463.0
33.00000000000001,78.43327570140363,svm,0.0009348392486572266,4425.0
29.000000000000004,79.63905347918141,svm,0.0009257793426513672,3128.0
16.999999999999996,80.31283125695917,svm,0.0008289813995361328,0.0
22.999999999999993,78.9910534791814,svm,0.0007994174957275391,3464.0
19.000000000000007,79.25683125695916,svm,0.00067138671875,0.0
25.0,77.9381645902925,svm,0.0007841587066650391,0.0
19.000000000000007,78.33860903473695,svm,0.0008137226104736328,3174.0
19.000000000000007,76.72660903473692,svm,0.0007736682891845703,3753.0
16.999999999999996,77.0199423680703,svm,0.0008382797241210938,14755.0
21.0,75.71683125695918,svm,0.000980377197265625,4257.0
33.00000000000001,76.27594236807028,svm,0.0008792877197265625,3265.0
35.0,78.73727570140362,svm,0.000934600830078125,0.0
27.00000000000001,81.52349792362583,svm,0.001928567886352539,22581.0
30.999999999999996,82.33283125695917,svm,0.0009167194366455078,4105.0
33.00000000000001,83.79549792362583,svm,0.00121307373046875,3723.0
29.000000000000004,84.61105347918141,svm,0.0008752346038818359,0.0
22.999999999999993,55.131542390278995,linear,0.0006690025329589844,0.0
21.0,53.741432766929705,linear,0.0008804798126220703,6164.0
35.0,53.01012312615908,linear,0.0006556510925292969,0.0
37.00000000000001,53.52471269941811,linear,0.0006883144378662109,0.0
45.000000000000014,54.04305238876482,linear,0.0006730556488037109,0.0
33.00000000000001,55.958148895083596,linear,0.0007042884826660156,3356.0
35.0,57.061324568613365,linear,0.0006814002990722656,0.0
39.0,58.60755345151057,linear,0.0007579326629638672,3585.0
40.99999999999999,59.06606925955609,linear,0.0005819797515869141,7003.0
45.000000000000014,59.52914923385641,linear,0.0006718635559082031,0.0
55.00000000000001,59.59645541642176,linear,0.0008990764617919922,3189.0
67.0,62.1709243728341,linear,0.0007760524749755859,4715.0
29.000000000000004,65.9133350717518,linear,0.0007374286651611328,13991.0
45.000000000000014,64.60499641080125,linear,0.0007469654083251953,19546.0
65.0,65.04353694626224,linear,0.0006530284881591797,8163.0
88.99999999999997,67.39464434950598,linear,0.0007650852203369141,8376.0
84.99999999999999,71.46752326473472,linear,0.0008006095886230469,0.0
76.99999999999999,73.7029753668375,linear,0.0007576942443847656,4013.0
96.99999999999999,79.11176130777524,linear,0.0007176399230957031,3845.0
61.0,85.06559782226132,linear,0.0007269382476806641,13457.0
88.99999999999997,84.38940348775455,linear,0.0009157657623291016,16692.0
119.0,84.48322630628485,linear,0.0006756782531738281,6439.0
101.0,88.57424296966946,linear,0.0009996891021728516,3479.0
122.99999999999999,91.2974861301468,linear,0.0007193088531494141,0.0
109.0,94.47379480679578,linear,0.0007152557373046875,4181.0
111.0,99.82490972835642,linear,0.0007481575012207031,10772.0
145.0,102.26007868058046,linear,0.0006651878356933594,0.0
147.0,105.44529080876961,linear,0.00052642822265625,7080.0
173.0,110.75095232619755,linear,0.0006458759307861328,6744.0
171.0,116.69834012959451,linear,0.0006594657897949219,8270.0
151.00000000000003,123.8280534689854,linear,0.0007853507995605469,9765.0
155.0,128.22034131299486,linear,0.0006892681121826172,3326.0
149.0,129.30982032982737,linear,0.0004487037658691406,0.0
168.99999999999997,175.23505347918137,svm,0.0007870197296142578,0.0
261.0,177.58749792362573,svm,0.0007102489471435547,7583.0
197.00000000000003,199.014609034737,svm,0.0005533695220947266,0.0
223.0,201.75105347918142,svm,0.0009663105010986328,2945.0
232.99999999999994,215.53460903473686,svm,0.0009286403656005859,4074.0
232.99999999999994,220.3408312569593,svm,0.0008230209350585938,3677.0
264.99999999999994,228.30660903473697,svm,0.0009565353393554688,19820.0
305.0,234.33327570140364,svm,0.0007655620574951172,9017.0
303.0,251.2408312569593,svm,0.0007328987121582031,8453.0
193.0,263.2981645902926,svm,0.0006330013275146484,19606.0
281.0,248.1079423680703,svm,0.0008790493011474609,14083.0
317.0,257.3021645902924,svm,0.0008356571197509766,0.0
399.0,262.3910534791814,svm,0.0008444786071777344,3296.0
405.0,291.80972014584796,svm,0.0009610652923583984,3997.0
439.0,310.68127570140354,svm,0.0008242130279541016,7324.0
387.0,344.2826090347371,svm,0.0007519721984863281,0.0
397.0,349.08883125695905,svm,0.0008330345153808594,0.0
409.0,356.8554979236259,svm,0.0007889270782470703,0.0
405.0,355.4421645902924,svm,0.0007603168487548828,3250.0
359.0,356.25194236807033,svm,0.0007848739624023438,3189.0
353.0,343.97327570140374,svm,0.0008423328399658203,0.0
351.0,336.89016459029267,svm,0.0007426738739013672,8453.0
401.0,328.04260903473687,svm,0.0010046958923339844,3387.0
359.0,333.4986090347371,svm,0.0008275508880615234,0.0
353.0,326.8430534791813,svm,0.0007619857788085938,3662.0
361.0,327.3163868125146,svm,0.0007605552673339844,3372.0
363.0,325.13283125695904,svm,0.0008387565612792969,0.0
325.0,326.0941645902926,svm,0.0007548332214355469,8300.0
295.0,315.2079423680702,svm,0.0006906986236572266,6760.0
323.0,303.2852757014036,svm,0.0010848045349121094,4028.0
355.0,299.2168312569593,svm,0.0007665157318115234,3250.0
357.00000000000006,302.10616459029234,svm,0.0009980201721191406,3280.0
225.0,306.47594236807026,svm,0.0008053779602050781,0.0
299.0,302.74289369583124,lstm,0.0014731884002685547,25771.0
355.0,299.1766279935836,lstm,0.0017211437225341797,8652.0
315.0,313.53889971971506,lstm,0.0025424957275390625,3922.0
242.99999999999997,312.3958703875541,lstm,0.0026595592498779297,7720.0
207.0,289.089810848236,lstm,0.002241373062133789,3555.0
228.99999999999997,264.4235002994537,lstm,0.0021321773529052734,4043.0
253.0,247.29788511991498,lstm,0.0020782947540283203,4196.0
286.99999999999994,241.2164583802223,lstm,0.0022878646850585938,16326.0
277.0,252.37324744462964,lstm,0.0028030872344970703,28593.0
263.0,262.79307872056955,lstm,0.002725362777709961,3418.0
300.99999999999994,267.0916917920112,lstm,0.0023779869079589844,3890.0
257.0,279.85999971628183,lstm,0.002088785171508789,3205.0
281.0,274.49194669723505,lstm,0.0022430419921875,3402.0
268.99999999999994,275.36576300859446,lstm,0.0025768280029296875,8773.0
263.0,273.1547832489013,lstm,0.0022079944610595703,8468.0
237.0,270.05197107791895,lstm,0.002039670944213867,3891.0
261.0,257.5082969665527,lstm,0.002276182174682617,19698.0
244.99999999999997,257.5126945972442,lstm,0.002089262008666992,7461.0
248.99999999999997,251.96157246828076,lstm,0.0022668838500976562,3174.0
227.0,249.83776509761807,lstm,0.002576589584350586,21743.0
325.0,241.8374818563461,lstm,0.002846240997314453,16250.0
313.0,267.7853116393089,lstm,0.002575397491455078,28090.0
297.0,284.5390078425407,lstm,0.0021669864654541016,3235.0
266.99999999999994,292.6177036762237,lstm,0.0019805431365966797,4867.0
264.99999999999994,287.62905269861216,lstm,0.002244710922241211,13961.0
268.99999999999994,282.4550628662109,lstm,0.0019698143005371094,3646.0
295.0,274.3763315677642,lstm,0.0017478466033935547,15868.0
309.0,278.11151593923563,lstm,0.0021905899047851562,8605.0
257.0,287.4122211337089,lstm,0.0025191307067871094,3524.0
227.0,279.91362243890757,lstm,0.0020241737365722656,3448.0
263.0,263.19634854793543,lstm,0.0020890235900878906,3143.0
223.0,260.6636324524879,lstm,0.0029578208923339844,3342.0
207.0,240.65416459029262,svm,0.0009405612945556641,3769.0
237.0,230.36483125695918,svm,0.0009875297546386719,8072.0
257.0,228.41416459029256,svm,0.0010902881622314453,6240.0
275.0,234.00705347918134,svm,0.0009310245513916016,3814.0
291.0,241.62883125695922,svm,0.0010559558868408203,3616.0
237.0,252.86038681251478,svm,0.000989675521850586,3356.0
299.0,250.545720145848,svm,0.001439809799194336,10650.0
263.0,262.51238681251465,svm,0.0008001327514648438,0.0
266.99999999999994,257.1177201458482,svm,0.0011074542999267578,8667.0
289.0,260.01638681251484,svm,0.0012214183807373047,3571.0
321.00000000000006,260.33016459029267,svm,0.0010237693786621094,21117.0
230.99999999999997,273.47549792362594,svm,0.0009205341339111328,3967.0
311.0,259.2394979236259,svm,0.0007529258728027344,4059.0
257.0,271.70660903473686,svm,0.0008149147033691406,0.0
345.0,260.3714979236259,svm,0.0005743503570556641,8422.0
271.0,280.7897201458482,svm,0.0008213520050048828,7659.0
281.0,267.54083125695917,svm,0.0008058547973632812,0.0
282.99999999999994,275.96705347918135,svm,0.0008220672607421875,3356.0
300.99999999999994,268.2959423680705,svm,0.000743865966796875,3769.0
259.0,275.06216459029247,svm,0.0009255409240722656,9246.0
318.99999999999994,263.4110534791815,svm,0.0007729530334472656,7996.0
300.99999999999994,274.8186090347369,svm,0.0008857250213623047,0.0
343.0,274.1603868125147,svm,0.000896453857421875,3265.0
279.0,289.24305347918136,svm,0.0008726119995117188,4623.0
303.0,279.85994236807034,svm,0.000820159912109375,0.0
227.0,286.4092757014036,svm,0.0009515285491943359,4470.0
242.99999999999997,263.84749792362584,svm,0.0008537769317626953,3418.0
335.0,257.97060903473675,svm,0.0007503032684326172,0.0
286.99999999999994,264.5812757014036,svm,0.0006670951843261719,6973.0
397.0,265.58127570140346,svm,0.0011363029479980469,7614.0
307.0,294.5786090347368,svm,0.0007867813110351562,3356.0
337.0,291.9581645902924,svm,0.0011827945709228516,3463.0
329.0,331.9549003243446,lstm,0.002001523971557617,3769.0
349.0,330.4233190417289,lstm,0.001470327377319336,22841.0
449.00000000000006,337.6618546247482,lstm,0.0016117095947265625,8529.0
443.0,368.67486834526056,lstm,0.002276897430419922,4150.0
419.0,396.5090334415435,lstm,0.002455472946166992,3524.0
339.00000000000006,408.01515042781824,lstm,0.003200531005859375,7278.0
379.0,391.04210466146463,lstm,0.0023114681243896484,3600.0
433.0,387.126475572586,lstm,0.00208282470703125,3800.0
375.00000000000006,395.13995170593256,lstm,0.002237081527709961,7949.0
355.0,385.44509112834925,lstm,0.0019392967224121094,10772.0
449.00000000000006,373.559501171112,lstm,0.002198457717895508,3723.0
391.0,397.29943662881846,lstm,0.003063678741455078,9231.0
311.0,395.68181782960886,lstm,0.0021321773529052734,3524.0
425.0,366.5729427337646,lstm,0.002280712127685547,9368.0
407.0,382.04983651638025,lstm,0.0018725395202636719,17272.0
367.0,390.0063562393188,lstm,0.0027093887329101562,17288.0
369.0,379.1497409343719,lstm,0.0024497509002685547,4044.0
395.0,374.76204037666315,lstm,0.002999544143676758,7674.0
457.0,383.094592988491,lstm,0.0028769969940185547,8316.0
369.0,402.16509580612177,lstm,0.0020699501037597656,3281.0
343.0,391.918297111988,lstm,0.0020580291748046875,3509.0
387.0,377.3305049538612,lstm,0.0022110939025878906,7781.0
405.0,378.5323348641395,lstm,0.0020983219146728516,7599.0
259.0,383.8483610749244,lstm,0.002102375030517578,4211.0
397.0,340.14821827411646,lstm,0.002663850784301758,7492.0
365.0,353.7815117835998,lstm,0.0020592212677001953,3845.0
329.0,356.9328042864799,lstm,0.002747058868408203,7904.0
425.0,346.11172467470163,lstm,0.0023169517517089844,6988.0
375.00000000000006,366.91695094108576,lstm,0.0017881393432617188,17303.0
413.0,375.75179100036615,lstm,0.0024542808532714844,3174.0
415.0,385.70284903049463,lstm,0.0030257701873779297,8407.0
405.0,395.8204495906829,lstm,0.002158641815185547,7873.0
237.0,401.80019885301584,lstm,0.0023653507232666016,10970.0
385.0,347.9028725624084,lstm,0.006104707717895508,111246.0
463.0,353.9562821388244,lstm,0.002348184585571289,11138.0
451.0,382.3526701331138,lstm,0.0017719268798828125,45530.0
409.0,402.5878003239631,lstm,0.002397775650024414,24840.0
392.99999999999994,406.4263999462127,lstm,0.0021028518676757812,18783.0
353.0,411.6612118482589,lstm,0.01207733154296875,537799.0
355.0,392.70674973726267,lstm,0.0012018680572509766,24322.0
381.0,373.9804679155349,lstm,0.002291440963745117,55646.0
379.0,369.4715133309364,lstm,0.002351999282836914,20568.0
323.0,369.11785870790476,lstm,0.002409696578979492,7461.0
295.0,352.9615664482116,lstm,0.0018398761749267578,0.0
293.0,333.2665646076202,lstm,0.0019114017486572266,0.0
303.0,316.77112281322474,lstm,0.002637147903442383,26671.0
341.0,306.5762090682983,lstm,0.002965211868286133,9277.0
325.0,312.5365591049194,lstm,0.0015287399291992188,20416.0
305.0,316.59181296825403,lstm,0.001856088638305664,0.0
317.0,314.5731231570243,lstm,0.0019230842590332031,0.0
286.99999999999994,315.9653633832931,lstm,0.002802133560180664,7767.0
263.0,306.75335556268686,lstm,0.0022039413452148438,3388.0
281.0,289.8019433021545,lstm,0.002104043960571289,3631.0
282.99999999999994,283.4944641590118,lstm,0.0018160343170166016,15548.0
246.99999999999997,281.24635279178614,lstm,0.0015552043914794922,39396.0
237.0,268.27646315097803,lstm,0.001958131790161133,0.0
232.99999999999994,256.48276239633554,lstm,0.0022897720336914062,16112.0
237.0,247.27256327867505,lstm,0.0021588802337646484,3265.0
244.99999999999997,241.0313323140144,lstm,0.0020923614501953125,3159.0
203.0,239.76041704416272,lstm,0.0022749900817871094,7278.0
207.0,227.93525904417035,lstm,0.0022149085998535156,8423.0
253.0,219.7954751551151,lstm,0.0015666484832763672,5630.0
173.0,228.7272226810455,lstm,0.0020873546600341797,3571.0
228.99999999999997,211.35803550481793,lstm,0.002118349075317383,9429.0
189.0,214.19576629996297,lstm,0.0021877288818359375,16784.0
201.0,206.9552446901798,lstm,0.0020112991333007812,3967.0
193.0,204.25282970070836,lstm,0.002016305923461914,16112.0
213.0,198.18303540349004,lstm,0.002205371856689453,9720.0
149.0,203.9123502373695,lstm,0.002234220504760742,8468.0
171.0,185.68025216460225,lstm,0.002822399139404297,3982.0
181.0,179.2370671033859,lstm,0.0026955604553222656,4714.0
161.0,177.76251316070554,lstm,0.0028502941131591797,14113.0
213.0,171.67917132377622,lstm,0.0020666122436523438,17440.0
183.0,182.9559554159641,lstm,0.0024657249450683594,18706.0
181.0,186.4102233946323,lstm,0.0016989707946777344,9704.0
163.0,143.4437011512344,linear,0.0006384849548339844,0.0
163.0,141.28027886644068,linear,0.0006487369537353516,3250.0
157.0,141.3147324034864,linear,0.0009865760803222656,3113.0
155.0,134.94727412618542,linear,0.0007088184356689453,3906.0
124.99999999999997,131.7332593305513,linear,0.000652313232421875,0.0
139.0,125.21097146137336,linear,0.0005431175231933594,0.0
142.99999999999997,122.46016498729705,linear,0.0006678104400634766,0.0
132.99999999999997,120.21220086392879,linear,0.0008647441864013672,3387.0
111.0,117.46415549062185,linear,0.0007786750793457031,3510.0
111.0,112.37769695398119,linear,0.0007576942443847656,19576.0
111.0,110.65983494937079,linear,0.0007510185241699219,3692.0
120.99999999999999,107.42191337542562,linear,0.0005099773406982422,0.0
104.99999999999999,105.00030931772764,linear,0.0005259513854980469,0.0
129.0,101.80688411299856,linear,0.0006492137908935547,3723.0
137.0,103.96282624242636,linear,0.0006620883941650391,3250.0
147.0,107.01779675701405,linear,0.0006763935089111328,3113.0
129.0,111.21823749077292,linear,0.0006699562072753906,0.0
106.99999999999997,112.11156305198215,linear,0.0009350776672363281,0.0
109.0,112.11095191543497,linear,0.0005834102630615234,8194.0
93.0,109.72242961745383,linear,0.000659942626953125,0.0
71.0,104.5607674013545,linear,0.0007333755493164062,4959.0
76.99999999999999,95.77723217335142,linear,0.00075531005859375,3525.0
94.99999999999999,89.84802290654373,linear,0.0006635189056396484,5538.0
84.99999999999999,88.56079547297641,linear,0.000675201416015625,3158.0
83.0,85.87869237205999,linear,0.0004496574401855469,7842.0
93.0,84.78469103977831,linear,0.0006260871887207031,35597.0
58.99999999999999,87.30836085354704,linear,0.0007371902465820312,8148.0
78.99999999999999,85.04372599838896,linear,0.0006551742553710938,0.0
73.00000000000001,83.27290211880702,linear,0.000659942626953125,0.0
71.0,81.87960426446448,linear,0.0005948543548583984,4272.0
71.0,80.49278589659222,linear,0.00074005126953125,0.0
76.99999999999999,78.05703483531057,linear,0.00044083595275878906,16234.0
53.0,74.65809330344199,lstm,0.0021209716796875,5935.0
53.0,67.93397411704062,lstm,0.002104520797729492,3204.0
65.0,62.21909344196318,lstm,0.002065896987915039,3296.0
73.00000000000001,61.982738524675355,lstm,0.002198457717895508,7538.0
78.99999999999999,65.34268796443938,lstm,0.002505064010620117,21101.0
73.00000000000001,70.30154854059218,lstm,0.001984834671020508,7079.0
65.0,73.19793805480002,lstm,0.002325773239135742,39702.0
48.99999999999999,71.98754340410231,lstm,0.0019495487213134766,4410.0
65.0,64.6672438085079,lstm,0.0020716190338134766,3205.0
57.0,63.33866283297537,lstm,0.0019903182983398438,3677.0
50.999999999999986,60.6098886579275,lstm,0.0020477771759033203,3296.0
55.00000000000001,57.069600895047174,lstm,0.0017528533935546875,14037.0
63.000000000000014,55.945465415716164,lstm,0.0017075538635253906,8438.0
73.00000000000001,58.542355000972734,lstm,0.001983642578125,4684.0
65.0,63.53407368063925,lstm,0.002088308334350586,3205.0
29.000000000000004,65.4980058968067,lstm,0.0021092891693115234,3403.0
40.99999999999999,54.936723411083214,lstm,0.0026323795318603516,3601.0
48.99999999999999,48.781077787280076,lstm,0.002094268798828125,3311.0
47.00000000000001,47.12628304958343,lstm,0.0015363693237304688,10681.0
35.0,46.08991399407386,lstm,0.0025434494018554688,80852.0
37.00000000000001,42.31647200882434,lstm,0.0024042129516601562,9032.0
50.999999999999986,40.96855387091636,lstm,0.0028319358825683594,7720.0
33.00000000000001,43.90698686242103,lstm,0.002032756805419922,3357.0
33.00000000000001,40.84780521690845,lstm,0.002081155776977539,7416.0
30.999999999999996,37.99359217286109,lstm,0.002303600311279297,16448.0
37.00000000000001,35.58206804096698,lstm,0.002022266387939453,18539.0
15.000000000000004,35.630504041910164,lstm,0.002383708953857422,4134.0
43.0,28.609136939048756,lstm,0.0019958019256591797,13305.0
25.0,32.31385707855224,lstm,0.002600431442260742,3601.0
37.00000000000001,30.649557784199704,lstm,0.0021004676818847656,11138.0
57.0,32.72012367844581,lstm,0.0025267601013183594,16188.0
35.0,40.953002572059624,lstm,0.002153158187866211,7140.0
27.00000000000001,41.665489673614495,lstm,0.0015692710876464844,18234.0
19.000000000000007,88.6759423680703,svm,0.0010616779327392578,3815.0
29.000000000000004,84.57238681251465,svm,0.0007925033569335938,3616.0
27.00000000000001,83.88927570140365,svm,0.0007920265197753906,3540.0
29.000000000000004,80.98749792362585,svm,0.0009179115295410156,4562.0
22.999999999999993,81.52127570140364,svm,0.0009779930114746094,0.0
22.999999999999993,80.35149792362586,svm,0.0009527206420898438,0.0
22.999999999999993,80.44972014584806,svm,0.0010347366333007812,3952.0
16.999999999999996,79.40394236807028,svm,0.001039743423461914,3753.0
29.000000000000004,77.67505347918147,svm,0.0011839866638183594,0.0
33.00000000000001,78.9830534791814,svm,0.0007815361022949219,3448.0
25.0,80.63416459029251,svm,0.0008606910705566406,0.0
30.999999999999996,81.01060903473694,svm,0.0009911060333251953,7247.0
15.000000000000004,82.44927570140365,svm,0.0008039474487304688,0.0
21.0,79.68216459029254,svm,0.0008356571197509766,0.0
25.0,79.29772014584807,svm,0.0009677410125732422,3921.0
29.000000000000004,78.15505347918142,svm,0.0008754730224609375,15609.0
40.99999999999999,79.77816459029255,svm,0.0008933544158935547,17333.0
35.0,83.01060903473693,svm,0.0009853839874267578,5965.0
27.00000000000001,85.02794236807026,svm,0.0007686614990234375,8133.0
35.0,85.12927570140363,svm,0.0007736682891845703,0.0
22.999999999999993,86.08172014584801,svm,0.0008106231689453125,0.0
35.0,83.61905347918136,svm,0.0008566379547119141,4425.0
48.99999999999999,84.71638681251468,svm,0.0007216930389404297,10451.0
40.99999999999999,87.62216459029253,svm,0.0007867813110351562,0.0
43.0,89.62838681251475,svm,0.0007448196411132812,7553.0
37.00000000000001,91.43327570140359,svm,0.0006201267242431641,0.0
33.00000000000001,91.22127570140363,svm,0.0007679462432861328,0.0
53.0,90.20794236807029,svm,0.0007901191711425781,4196.0
50.999999999999986,92.57772014584805,svm,0.0008103847503662109,0.0
35.0,94.05860903473693,svm,0.0009157657623291016,3510.0
45.000000000000014,92.82083125695921,svm,0.0008203983306884766,8132.0
65.0,93.78305347918133,svm,0.0009098052978515625,0.0
50.999999999999986,51.49018675088882,lstm,0.002749919891357422,22796.0
71.0,52.53889754414558,lstm,0.0028738975524902344,15747.0
68.99999999999999,59.23171907663344,lstm,0.0023658275604248047,3204.0
76.99999999999999,64.63741794228552,lstm,0.002561330795288086,11825.0
86.99999999999999,70.32499074935912,lstm,0.0027709007263183594,10207.0
73.00000000000001,76.95706114172934,lstm,0.002699613571166992,16158.0
84.99999999999999,78.02501156926154,lstm,0.0015835762023925781,54593.0
111.0,80.84426522254942,lstm,0.0019147396087646484,0.0
124.99999999999997,91.6115093231201,lstm,0.0021750926971435547,3173.0
131.0,104.75684314966199,lstm,0.002049684524536133,3692.0
124.99999999999997,116.32849901914594,lstm,0.002608776092529297,8773.0
104.99999999999999,123.009138405323,lstm,0.002266407012939453,7980.0
191.0,119.7428514063358,lstm,0.002142190933227539,8758.0
139.0,142.48456016182897,lstm,0.002012014389038086,5066.0
183.0,145.15886932611463,lstm,0.001969575881958008,4470.0
142.99999999999997,159.10529896616933,lstm,0.0025730133056640625,3616.0
195.0,157.4776081740856,lstm,0.002580881118774414,8453.0
149.0,171.69550284743306,lstm,0.0021588802337646484,3281.0
161.0,164.94813650846478,lstm,0.002955198287963867,13488.0
213.0,164.6895983815193,lstm,0.0023894309997558594,23818.0
207.0,179.25446256995198,lstm,0.0017812252044677734,3616.0
259.0,191.79232046008107,lstm,0.0026013851165771484,3707.0
232.99999999999994,215.04848107695577,lstm,0.002063274383544922,3586.0
235.0,227.0066851377487,lstm,0.002040386199951172,3540.0
277.0,234.05708014965055,lstm,0.0014162063598632812,18295.0
289.0,249.1527986526489,lstm,0.002110004425048828,9078.0
282.99999999999994,265.08222281932825,lstm,0.005973339080810547,337767.0
253.0,272.62171238660807,lstm,0.001999378204345703,53556.0
315.0,269.4238901138305,lstm,0.002026796340942383,13138.0
264.99999999999994,285.0130653381347,lstm,0.002624988555908203,11382.0
349.0,279.6736323833465,lstm,0.0021545886993408203,19439.0
397.0,300.78484863042826,lstm,0.0014204978942871094,21300.0
405.0,333.30171018838877,lstm,0.0016307830810546875,14113.0
405.0,237.79209571045996,linear,0.0006847381591796875,0.0
483.0,248.27904140877055,linear,0.0006794929504394531,0.0
359.0,273.35631721749525,linear,0.0006573200225830078,0.0
375.00000000000006,273.90136946562507,linear,0.0006628036499023438,0.0
475.0,271.21303605511724,linear,0.0006589889526367188,7873.0
345.0,279.59377001123954,linear,0.0006780624389648438,0.0
291.0,272.1555764076967,linear,0.0006527900695800781,0.0
369.0,250.05888805353752,linear,0.0006895065307617188,0.0
355.0,251.20495940299807,linear,0.0006480216979980469,0.0
341.0,248.74388073485466,linear,0.0007634162902832031,4120.0
361.0,233.8297923466174,linear,0.0008203983306884766,10864.0
353.0,235.83555254967015,linear,0.0006721019744873047,0.0
385.0,242.68926753946192,linear,0.00045561790466308594,0.0
300.99999999999994,244.7429781227036,linear,0.0008101463317871094,0.0
397.0,238.2294343689892,linear,0.0006425380706787109,0.0
333.0,244.90229562629702,linear,0.0006589889526367188,0.0
341.0,241.51828955209777,linear,0.0006771087646484375,0.0
349.0,240.0847014331948,linear,0.0006384849548339844,7965.0
297.0,236.15649146403774,linear,0.0005371570587158203,0.0
213.0,235.19455394341625,linear,0.0006380081176757812,5890.0
279.0,213.7659253657967,linear,0.0007338523864746094,6667.0
282.99999999999994,207.61898079587948,linear,0.0007352828979492188,16707.0
286.99999999999994,201.07749143879323,linear,0.0006728172302246094,3113.0
246.99999999999997,194.30404304717374,linear,0.0005936622619628906,0.0
297.0,188.61184699957326,linear,0.0007653236389160156,0.0
255.0,198.17901101903306,linear,0.0007021427154541016,22078.0
255.0,195.27983017464317,linear,0.0006768703460693359,0.0
286.99999999999994,192.03688909611301,linear,0.0008065700531005859,7675.0
341.0,192.24932977849653,linear,0.0006661415100097656,0.0
289.0,203.24158848043044,linear,0.0008978843688964844,3784.0
253.0,202.3649514899788,linear,0.0006585121154785156,7111.0
237.0,201.85895831134837,linear,0.0005557537078857422,7720.0
297.0,199.42702901060707,linear,0.0005328655242919922,14679.0
277.0,274.4352385401725,lstm,0.0019741058349609375,5157.0
279.0,271.8393242359161,lstm,0.0020067691802978516,4578.0
279.0,273.9042246341705,lstm,0.002654552459716797,8026.0
317.0,277.07743436098093,lstm,0.0024247169494628906,7568.0
266.99999999999994,291.668666601181,lstm,0.0025641918182373047,7339.0
279.0,284.33533370494837,lstm,0.0021584033966064453,46171.0
349.0,282.638486623764,lstm,0.0018603801727294922,0.0
295.0,303.2009211182594,lstm,0.0018720626831054688,0.0
293.0,303.0243065953254,lstm,0.0020029544830322266,4196.0
186.99999999999997,299.44009572267527,lstm,0.002129077911376953,3250.0
246.99999999999997,264.8442897200584,lstm,0.002297639846801758,6744.0
279.0,254.42999094724652,lstm,0.001678466796875,8911.0
259.0,255.3125315904617,lstm,0.0015933513641357422,64892.0
264.99999999999994,255.11591494083402,lstm,0.0018954277038574219,0.0
227.0,257.4441766738891,lstm,0.00191497802734375,0.0
297.0,251.86397343873975,lstm,0.002049684524536133,3387.0
284.99999999999994,265.26734888553614,lstm,0.0020818710327148438,3296.0
277.0,271.62972748279566,lstm,0.001798868179321289,14815.0
255.0,275.00012129545206,lstm,0.0021140575408935547,46614.0
253.0,269.67998117208475,lstm,0.001886129379272461,3814.0
263.0,265.7502016425132,lstm,0.0019283294677734375,0.0
264.99999999999994,262.1661680936813,lstm,0.0020706653594970703,3525.0
244.99999999999997,261.55163466930384,lstm,0.0021576881408691406,4669.0
275.0,255.65054625272748,lstm,0.0022597312927246094,14892.0
266.99999999999994,261.47542089223856,lstm,0.001718282699584961,10619.0
282.99999999999994,263.97526115179056,lstm,0.0014302730560302734,28441.0
295.0,270.32036840915674,lstm,0.0018246173858642578,0.0
295.0,279.0500199794769,lstm,0.002695798873901367,8376.0
315.0,286.5729829668998,lstm,0.002172708511352539,3494.0
325.0,296.6189801692962,lstm,0.0020482540130615234,9414.0
281.0,307.73803472518915,lstm,0.002476930618286133,7766.0
313.0,301.1926579475402,lstm,0.001886606216430664,45454.0
286.99999999999994,285.0590534791814,svm,0.0011513233184814453,3555.0
305.0,278.79460903473694,svm,0.0007541179656982422,0.0
275.0,281.4634979236259,svm,0.0007479190826416016,3464.0
282.99999999999994,272.0417201458481,svm,0.0008387565612792969,0.0
275.0,272.82038681251487,svm,0.0009222030639648438,7049.0
295.0,266.38438681251466,svm,0.0007729530334472656,9628.0
291.0,269.8999423680703,svm,0.0007333755493164062,21574.0
331.0,268.83016459029244,svm,0.0007863044738769531,0.0
227.0,280.7350534791814,svm,0.0008392333984375,0.0
327.0,263.7110534791815,svm,0.0009546279907226562,4135.0
351.0,278.9839423680702,svm,0.0008046627044677734,0.0
271.0,284.36438681251457,svm,0.0008304119110107422,7675.0
321.00000000000006,281.5403868125148,svm,0.0007886886596679688,21742.0
295.0,285.3954979236259,svm,0.0008587837219238281,3845.0
365.0,283.3741645902926,svm,0.0007765293121337891,0.0
409.0,298.8839423680702,svm,0.0007545948028564453,3601.0
329.0,312.6403868125147,svm,0.0008111000061035156,3570.0
389.0,315.378609034737,svm,0.0009162425994873047,6043.0
335.0,328.79016459029253,svm,0.0007135868072509766,9079.0
367.0,321.2670534791813,svm,0.0005967617034912109,17456.0
355.0,327.40305347918144,svm,0.0007622241973876953,0.0
317.0,318.74394236807024,svm,0.0006597042083740234,8361.0
225.0,314.12305347918135,svm,0.0007395744323730469,0.0
271.0,283.9101645902925,svm,0.0008056163787841797,0.0
397.0,275.29372014584806,svm,0.0005288124084472656,13640.0
467.00000000000006,290.0043868125146,svm,0.0008294582366943359,16631.0
397.0,321.489720145848,svm,0.0012633800506591797,0.0
275.0,335.0061645902923,svm,0.0009386539459228516,4608.0
221.0,324.4341645902926,svm,0.0012674331665039062,0.0
373.0,298.23816459029246,svm,0.0008952617645263672,3937.0
397.0,302.36927570140347,svm,0.0008320808410644531,8880.0
351.0,304.3670534791813,svm,0.0008153915405273438,0.0
392.99999999999994,309.4781645902925,svm,0.0009682178497314453,20018.0
353.0,362.26457685232157,lstm,0.0030744075775146484,16601.0
471.0,367.32135564088816,lstm,0.003155231475830078,10711.0
323.0,397.6793706417083,lstm,0.002003192901611328,3494.0
525.0,375.0832447409629,lstm,0.002069234848022461,3662.0
367.0,421.04096800088877,lstm,0.0024385452270507812,16570.0
389.0,406.2931942939758,lstm,0.0014159679412841797,21804.0
317.0,402.7459377050399,lstm,0.0019023418426513672,0.0
349.0,370.4023924469947,lstm,0.0021238327026367188,3708.0
427.0,363.04575920104975,lstm,0.0018463134765625,0.0
325.0,371.4098045229911,lstm,0.0023288726806640625,3998.0
381.0,357.52102285623545,lstm,0.0022907257080078125,7232.0
389.0,362.423742711544,lstm,0.0015773773193359375,12969.0
359.0,372.56943136453623,lstm,0.0026679039001464844,45927.0
355.0,368.90397071838373,lstm,0.0018117427825927734,0.0
403.0,360.5441457033157,lstm,0.002500772476196289,4059.0
441.0,374.5602104067802,lstm,0.0028815269470214844,3769.0
405.0,394.0750512480735,lstm,0.002191781997680664,3585.0
401.0,398.125375509262,lstm,0.002237558364868164,7995.0
313.0,401.0429906845092,lstm,0.002000570297241211,49619.0
367.0,375.03788530826563,lstm,0.0025849342346191406,3509.0
410.99999999999994,367.8692507743835,lstm,0.001760244369506836,3753.0
379.0,374.94074732065195,lstm,0.0018911361694335938,0.0
439.0,374.192866384983,lstm,0.002004384994506836,8407.0
315.0,392.6902940869331,lstm,0.0030646324157714844,12451.0
361.0,373.2673424482345,lstm,0.0017161369323730469,19439.0
341.0,367.65834182500834,lstm,0.0022230148315429688,17272.0
373.0,354.80431556701654,lstm,0.002955913543701172,3418.0
377.0,357.25237727165216,lstm,0.0021867752075195312,3845.0
357.00000000000006,358.4785714745521,lstm,0.0024492740631103516,4196.0
335.0,360.4349142313003,lstm,0.003679513931274414,36970.0
325.0,351.83960318565363,lstm,0.0018625259399414062,34010.0
281.0,342.5935491919517,lstm,0.001523733139038086,58576.0
327.0,230.282690332985,linear,0.0006096363067626953,8483.0
266.99999999999994,224.7490611238335,linear,0.0005612373352050781,9857.0
279.0,214.27615635526166,linear,0.00029921531677246094,0.0
297.0,207.88562043518246,linear,0.0008332729339599609,3097.0
345.0,204.84460424796643,linear,0.000682830810546875,0.0
281.0,212.37293688257165,linear,0.00044989585876464844,0.0
325.0,207.10114075985604,linear,0.0006916522979736328,18859.0
295.0,213.8124773935161,linear,0.0009899139404296875,5309.0
242.99999999999997,215.44005894311695,linear,0.0009584426879882812,0.0
239.0,208.85003538211114,linear,0.0008575916290283203,3494.0
255.0,196.69989166576661,linear,0.0006697177886962891,0.0
232.99999999999994,193.6144037333816,linear,0.0006358623504638672,11138.0
227.0,183.13079310909575,linear,0.0005817413330078125,21835.0
248.99999999999997,175.44359164625607,linear,0.0006723403930664062,0.0
309.0,176.20624888730575,linear,0.0007987022399902344,3479.0
275.0,184.54435603425267,linear,0.0006444454193115234,0.0
279.0,186.9109700968733,linear,0.0006315708160400391,3448.0
273.0,192.18648175378752,linear,0.0005791187286376953,7064.0
205.0,197.28553768032705,linear,0.0004563331604003906,10787.0
261.0,191.7156562520799,linear,0.0004696846008300781,0.0
215.00000000000003,186.43409544184652,linear,0.0007901191711425781,0.0
232.99999999999994,179.38136898257673,linear,0.0006797313690185547,0.0
197.00000000000003,174.2167590159772,linear,0.0007085800170898438,0.0
183.0,165.50159532210364,linear,0.0007662773132324219,2975.0
175.0,162.69008609124205,linear,0.0006134510040283203,0.0
189.0,152.85874873601557,linear,0.0005364418029785156,18325.0
211.0,149.88308035982865,linear,0.001092672348022461,7964.0
191.0,147.627653321143,linear,0.0006694793701171875,3692.0
203.0,146.95911088559282,linear,0.0006535053253173828,0.0
185.0,149.3021731218132,linear,0.0006742477416992188,0.0
189.0,150.30315211061202,linear,0.0004553794860839844,8269.0
191.0,150.23449653386928,linear,0.0005595684051513672,17379.0
193.0,148.0001303478009,linear,0.000576019287109375,15365.0
167.0,192.10357695817945,lstm,0.0025687217712402344,15808.0
163.0,183.84002104401586,lstm,0.0019867420196533203,13747.0
179.0,176.4494480192661,lstm,0.0020339488983154297,14510.0
147.0,175.78068897128102,lstm,0.0024290084838867188,3448.0
122.99999999999999,165.85867658257482,lstm,0.0024721622467041016,20659.0
177.0,150.08919849991796,lstm,0.0015037059783935547,21819.0
141.0,156.30645528435704,lstm,0.0023920536041259766,4028.0
122.99999999999999,151.85355275869367,lstm,0.001983165740966797,5035.0
132.99999999999997,141.47565856575963,lstm,0.002092123031616211,3281.0
111.0,137.71084338426587,lstm,0.0020017623901367188,7812.0
104.99999999999999,129.13260862231252,lstm,0.0017631053924560547,8651.0
122.99999999999999,118.16734701395032,lstm,0.0013604164123535156,21682.0
106.99999999999997,117.87439033389089,lstm,0.0016434192657470703,17852.0
137.0,114.43725183606145,lstm,0.0018756389617919922,0.0
91.0,120.91765716671941,lstm,0.002118825912475586,8835.0
109.0,113.08178856968877,lstm,0.001909494400024414,0.0
120.99999999999999,111.35406941175458,lstm,0.0019991397857666016,3830.0
131.0,113.68483141064641,lstm,0.0018150806427001953,24412.0
91.0,120.16094550490376,lstm,0.001909017562866211,48307.0
106.99999999999997,111.43670231103894,lstm,0.0019259452819824219,0.0
102.99999999999999,110.27929201722142,lstm,0.0030281543731689453,10178.0
76.99999999999999,107.55886092782018,lstm,0.0021071434020996094,3051.0
109.0,96.88453450798986,lstm,0.0026051998138427734,8041.0
68.99999999999999,98.30984562635419,lstm,0.0022258758544921875,6195.0
58.99999999999999,89.76416751742362,lstm,0.0024309158325195312,73787.0
73.00000000000001,78.15968900918959,lstm,0.0023729801177978516,42829.0
75.0,74.0007361769676,lstm,0.0019118785858154297,0.0
67.0,73.75005349516867,lstm,0.0026836395263671875,7034.0
65.0,70.49226030707358,lstm,0.0024378299713134766,3463.0
61.0,69.06457304954527,lstm,0.003672361373901367,7858.0
99.0,66.81975990533827,lstm,0.002758026123046875,50642.0
83.0,76.6727578639984,lstm,0.002074003219604492,44416.0
71.0,80.6793264205196,linear,0.0009369850158691406,4623.0
61.0,81.08720683299988,linear,0.0007026195526123047,0.0
61.0,80.5168989084396,linear,0.0006194114685058594,0.0
63.000000000000014,80.36683929413935,linear,0.0005679130554199219,4196.0
47.00000000000001,76.30194962700462,linear,0.0008466243743896484,0.0
58.99999999999999,72.1466115290597,linear,0.0006518363952636719,19058.0
61.0,70.82787664192479,linear,0.0004298686981201172,17150.0
61.0,70.8491137808651,linear,0.0006670951843261719,0.0
71.0,70.87189097365487,linear,0.0011162757873535156,3219.0
65.0,71.88522401646536,linear,0.0006687641143798828,0.0
57.0,73.90138690997726,linear,0.0006520748138427734,0.0
58.99999999999999,73.62086110182597,linear,0.0006701946258544922,20339.0
43.0,73.36848226636424,linear,0.0005900859832763672,19561.0
57.0,71.19250040603907,linear,0.0007793903350830078,4974.0
53.0,69.6474665476408,linear,0.0008640289306640625,4806.0
37.00000000000001,68.29414766130694,linear,0.0008347034454345703,13717.0
29.000000000000004,65.93103900555865,linear,0.0011243820190429688,0.0
33.00000000000001,62.450998288571434,linear,0.0005867481231689453,8926.0
30.999999999999996,61.245753906058674,linear,0.0005967617034912109,22414.0
37.00000000000001,58.28213340026994,linear,0.0007646083831787109,20507.0
29.000000000000004,56.536562368754716,linear,0.0006952285766601562,0.0
39.0,55.61504306980847,linear,0.0005524158477783203,3692.0
33.00000000000001,56.786880175200466,linear,0.0006151199340820312,4745.0
39.0,56.77468312442629,linear,0.0006062984466552734,0.0
48.99999999999999,57.70399848560204,linear,0.0004715919494628906,16768.0
58.99999999999999,59.157266301555794,linear,0.0004723072052001953,22048.0
29.000000000000004,62.64863614325762,linear,0.0007588863372802734,8774.0
25.0,61.40074237055936,linear,0.0007646083831787109,4105.0
43.0,60.373516872781956,linear,0.0006520748138427734,0.0
37.00000000000001,60.841634192086495,linear,0.0006744861602783203,0.0
33.00000000000001,59.465145722699624,linear,0.0004360675811767578,0.0
43.0,56.570722562151516,linear,0.0003979206085205078,0.0
29.000000000000004,58.209661430445486,linear,0.0005285739898681641,22154.0
30.999999999999996,36.436768844723694,lstm,0.0026807785034179688,8072.0
27.00000000000001,34.204510226845734,lstm,0.0019121170043945312,0.0
33.00000000000001,31.615750938653935,lstm,0.001977205276489258,6835.0
25.0,31.729592829942693,lstm,0.0018584728240966797,5706.0
29.000000000000004,29.343709722161282,lstm,0.0020818710327148438,41257.0
27.00000000000001,29.20049414038657,lstm,0.0027496814727783203,47910.0
30.999999999999996,28.5496625304222,lstm,0.0018320083618164062,20766.0
25.0,29.483733475208272,lstm,0.0026001930236816406,9918.0
33.00000000000001,28.244825154542912,lstm,0.0028040409088134766,9079.0
25.0,29.944083839654912,lstm,0.0018281936645507812,13061.0
30.999999999999996,28.798066601157178,lstm,0.0016999244689941406,10299.0
39.0,29.592521637678136,lstm,0.0022382736206054688,22262.0
30.999999999999996,32.854313477873795,lstm,0.0023872852325439453,13382.0
40.99999999999999,33.327714875340455,lstm,0.0020296573638916016,29967.0
35.0,36.10816121101379,lstm,0.0018608570098876953,0.0
37.00000000000001,36.820577383041375,lstm,0.0018606185913085938,0.0
40.99999999999999,37.33042769134044,lstm,0.002042055130004883,11032.0
27.00000000000001,38.681608587503426,lstm,0.002191305160522461,47727.0
25.0,35.64659617841243,lstm,0.0014355182647705078,20827.0
40.99999999999999,31.657014191150655,lstm,0.0019855499267578125,8759.0
47.00000000000001,34.026574641466134,lstm,0.0017938613891601562,10253.0
47.00000000000001,38.632720410823815,lstm,0.002096414566040039,0.0
47.00000000000001,42.39750012755393,lstm,0.002895355224609375,5340.0
37.00000000000001,45.502457916736596,lstm,0.0020198822021484375,26015.0
37.00000000000001,44.137082248926156,lstm,0.001486063003540039,47437.0
43.0,41.69981956481933,lstm,0.002613067626953125,69378.0
58.99999999999999,41.595730483531945,lstm,0.0026967525482177734,4089.0
78.99999999999999,47.20281600952148,lstm,0.0020630359649658203,3235.0
68.99999999999999,58.735176920890794,lstm,0.0019276142120361328,0.0
83.0,65.18795520067214,lstm,0.001894235610961914,4089.0
61.0,73.35713937878607,lstm,0.002232074737548828,19897.0
86.99999999999999,71.83779343962668,lstm,0.0013952255249023438,22841.0
78.99999999999999,118.08927570140362,svm,0.0004601478576660156,12313.0
81.0,116.74483125695926,svm,0.0006761550903320312,3891.0
109.0,119.76483125695918,svm,0.0008783340454101562,0.0
119.0,125.4910534791814,svm,0.0008637905120849609,23085.0
104.99999999999999,133.7559423680703,svm,0.0008463859558105469,13427.0
122.99999999999999,136.56527570140366,svm,0.0006411075592041016,22643.0
149.0,142.97238681251474,svm,0.0007469654083251953,22322.0
161.0,152.30216459029245,svm,0.0008647441864013672,9551.0
173.0,161.677720145848,svm,0.0008707046508789062,24001.0
153.0,171.2479423680703,svm,0.0007753372192382812,0.0
181.0,174.49238681251464,svm,0.0011191368103027344,3295.0
159.0,183.15594236807044,svm,0.0008189678192138672,0.0
168.99999999999997,180.94883125695912,svm,0.0008878707885742188,0.0
165.0,184.0332757014036,svm,0.0005409717559814453,0.0
219.0,181.61238681251476,svm,0.0009095668792724609,19500.0
185.0,195.30927570140364,svm,0.0007998943328857422,0.0
257.0,194.13860903473693,svm,0.0008168220520019531,0.0
211.0,215.28083125695923,svm,0.0007078647613525391,13167.0
279.0,214.264831256959,svm,0.0009503364562988281,0.0
299.0,236.82305347918134,svm,0.0007257461547851562,22078.0
289.0,247.11905347918133,svm,0.0008723735809326172,11840.0
311.0,261.7159423680704,svm,0.0007638931274414062,0.0
277.0,271.0168312569592,svm,0.000919342041015625,4730.0
305.0,272.32483125695904,svm,0.0009829998016357422,3754.0
295.0,278.16838681251477,svm,0.0007915496826171875,20354.0
293.0,275.2737201458481,svm,0.0008213520050048828,0.0
349.0,277.0257201458479,svm,0.0005981922149658203,12634.0
379.0,287.3030534791814,svm,0.0007939338684082031,0.0
425.0,303.5812757014037,svm,0.0008184909820556641,3784.0
473.0,327.3714979236259,svm,0.0007774829864501953,0.0
423.0,355.3137201458482,svm,0.0008053779602050781,8713.0
341.0,366.7252757014038,svm,0.0004932880401611328,21193.0
461.0,355.7848312569591,svm,0.0005130767822265625,21986.0
335.0,282.42834449729384,linear,0.00083160400390625,21361.0
355.0,271.56192453079746,linear,0.0007138252258300781,4119.0
379.0,258.1817293305282,linear,0.0007100105285644531,0.0
317.0,253.3576635524705,linear,0.0008311271667480469,4394.0
248.99999999999997,250.07169775882,linear,0.0005309581756591797,0.0
437.0,225.7021575791729,linear,0.0005199909210205078,20934.0
339.00000000000006,238.03012956968303,linear,0.000499725341796875,20537.0
417.0,236.05570024835188,linear,0.0008478164672851562,3937.0
410.99999999999994,241.01766643332073,linear,0.0009274482727050781,0.0
349.0,251.93284492373502,linear,0.000774383544921875,23558.0
445.0,262.6018934508726,linear,0.0006070137023925781,7491.0
377.0,264.111347096775,linear,0.0006947517395019531,21560.0
327.0,268.0400949149807,linear,0.00045299530029296875,0.0
337.0,257.47169343353926,linear,0.0004837512969970703,57019.0
335.0,248.97994726391997,linear,0.00047469139099121094,0.0
313.0,247.07226864484497,linear,0.0006413459777832031,0.0
295.0,232.09821570224227,linear,0.0009577274322509766,4333.0
167.0,222.70981519442537,linear,0.0006542205810546875,0.0
343.0,203.62491684151652,linear,0.0004973411560058594,0.0
293.0,204.8951072767105,linear,0.0005440711975097656,21850.0
305.0,200.2102101638052,linear,0.0006701946258544922,0.0
271.0,199.57044422078212,linear,0.0006985664367675781,0.0
305.0,196.91447802393435,linear,0.0007939338684082031,3403.0
268.99999999999994,212.2912604206965,linear,0.0006377696990966797,0.0
321.00000000000006,203.83055349084208,linear,0.00038242340087890625,0.0
286.99999999999994,207.23649620636678,linear,0.0006566047668457031,0.0
305.0,205.17722434553676,linear,0.00044846534729003906,0.0
250.99999999999994,209.05152685173965,linear,0.0006372928619384766,0.0
225.0,202.6770121727186,linear,0.0007171630859375,0.0
237.0,197.24343842330282,linear,0.0007739067077636719,18569.0
257.0,187.65498215978187,linear,0.0006580352783203125,0.0
315.0,184.30098240885343,linear,0.0006301403045654297,22047.0
281.0,185.99924038745553,linear,0.0006413459777832031,22215.0
250.99999999999994,258.1212757014036,svm,0.0007064342498779297,3540.0
331.0,259.266609034737,svm,0.0008034706115722656,0.0
333.0,273.6799423680702,svm,0.0008573532104492188,0.0
271.0,282.6323868125147,svm,0.0009927749633789062,3616.0
282.99999999999994,277.55060903473685,svm,0.0006492137908935547,21239.0
266.99999999999994,275.9852757014037,svm,0.0006554126739501953,21391.0
282.99999999999994,270.03860903473685,svm,0.0008029937744140625,13946.0
317.0,267.94616459029237,svm,0.0009703636169433594,3586.0
242.99999999999997,271.1474979236258,svm,0.001165628433227539,0.0
281.0,261.94394236807034,svm,0.0007710456848144531,0.0
253.0,265.4946090347369,svm,0.0007960796356201172,19469.0
300.99999999999994,256.21105347918115,svm,0.0008313655853271484,26610.0
318.99999999999994,265.7012757014036,svm,0.0008242130279541016,0.0
248.99999999999997,269.33683125695904,svm,0.0008499622344970703,4288.0
253.0,265.3541645902924,svm,0.0008089542388916016,0.0
355.0,260.8897201458481,svm,0.0008213520050048828,0.0
263.0,277.753720145848,svm,0.0007841587066650391,10009.0
284.99999999999994,268.2488312569593,svm,0.0006337165832519531,20843.0
293.0,271.93238681251484,svm,0.00067138671875,20675.0
271.0,270.3114979236256,svm,0.0011403560638427734,21773.0
277.0,270.6110534791813,svm,0.0010137557983398438,0.0
241.0,264.418609034737,svm,0.0011012554168701172,19316.0
286.99999999999994,255.85149792362589,svm,0.0009012222290039062,26045.0
307.0,260.5563868125146,svm,0.0007977485656738281,21056.0
357.00000000000006,264.35905347918145,svm,0.0008199214935302734,42676.0
275.0,284.0452757014035,svm,0.0005202293395996094,0.0
289.0,277.7541645902926,svm,0.0007030963897705078,9902.0
259.0,283.00660903473687,svm,0.0007631778717041016,0.0
293.0,270.01372014584814,svm,0.0007908344268798828,0.0
282.99999999999994,272.4079423680704,svm,0.0006747245788574219,3815.0
271.0,264.43594236807024,svm,0.0005588531494140625,0.0
275.0,264.68705347918143,svm,0.0006082057952880859,20446.0
297.0,196.8050457636944,linear,0.0006494522094726562,20202.0
345.0,201.1646495240016,linear,0.0006043910980224609,11795.0
248.99999999999997,207.4674546438632,linear,0.0007925033569335938,29433.0
313.0,203.26125678659537,linear,0.0008034706115722656,5707.0
255.0,208.18515319893396,linear,0.000759124755859375,13778.0
392.99999999999994,205.54708977115448,linear,0.0006465911865234375,0.0
282.99999999999994,217.0876809105861,linear,0.0004851818084716797,0.0
333.0,209.9692994450065,linear,0.0006625652313232422,6409.0
291.0,219.5582547022167,linear,0.0006642341613769531,0.0
375.00000000000006,216.9192125993881,linear,0.0008480548858642578,3082.0
395.0,230.67598496831647,linear,0.0005426406860351562,0.0
427.0,231.4924449672983,linear,0.0006561279296875,0.0
427.0,248.16253923263181,linear,0.0004773139953613281,0.0
423.0,259.11101188542887,linear,0.0005929470062255859,18539.0
439.0,273.9621594353842,linear,0.0006103515625,0.0
355.0,281.27911650152436,linear,0.0005593299865722656,3449.0
395.0,276.1988498388094,linear,0.0006594657897949219,3800.0
385.0,272.5481287510929,linear,0.0007119178771972656,0.0
423.0,267.69484624083384,linear,0.0006442070007324219,21407.0
397.0,267.91460092146383,linear,0.0006451606750488281,20903.0
337.0,263.2980456919155,linear,0.0006442070007324219,0.0
385.0,260.78322812141,linear,0.0006697177886962891,0.0
355.0,259.710885152468,linear,0.0007169246673583984,5996.0
373.0,256.06949566551606,linear,0.0006511211395263672,0.0
331.0,250.5369929153229,linear,0.0005338191986083984,19820.0
417.0,242.9339700497786,linear,0.0005950927734375,21208.0
401.0,252.31925372356062,linear,0.0006682872772216797,21834.0
305.0,254.32361706415668,linear,0.0008158683776855469,3341.0
349.0,248.1296718365229,linear,0.0007793903350830078,4882.0
385.0,245.42443129782146,linear,0.0006475448608398438,0.0
359.0,251.5321249876877,linear,0.0006983280181884766,0.0
405.0,245.0109619457276,linear,0.0007815361022949219,0.0
387.0,245.9594300741653,linear,0.0007185935974121094,0.0
385.0,255.18038621300403,linear,0.00038170814514160156,48688.0
329.0,259.201448883659,linear,0.0007686614990234375,20247.0
373.0,252.5270022669953,linear,0.0007390975952148438,0.0
399.0,254.07755129924615,linear,0.0006070137023925781,0.0
423.0,253.63120224974907,linear,0.0006234645843505859,27815.0
428.99999999999994,258.0367118449686,linear,0.0004031658172607422,52030.0
373.0,263.34740220008894,linear,0.0003437995910644531,0.0
379.0,267.9825464641059,linear,0.0005214214324951172,24321.0
409.0,268.4666184371321,linear,0.0006308555603027344,10925.0
369.0,269.63737392707077,linear,0.0006456375122070312,14388.0
325.0,263.3472170073784,linear,0.0008122920989990234,3936.0
392.99999999999994,251.3178188566145,linear,0.0006680488586425781,0.0
375.00000000000006,253.76298948251738,linear,0.0005731582641601562,20598.0
423.0,253.2647021583101,linear,0.0006742477416992188,22414.0
377.0,255.3038201838291,linear,0.0006814002990722656,0.0
417.0,256.18037296492406,linear,0.0007925033569335938,7171.0
345.0,266.654971592161,linear,0.0005619525909423828,4135.0
315.0,260.86199654303556,linear,0.0005817413330078125,13564.0
387.0,253.57543920515064,linear,0.0006000995635986328,21514.0
284.99999999999994,249.78679062458295,linear,0.0006875991821289062,20873.0
361.0,238.79242642255844,linear,0.0007684230804443359,0.0
339.00000000000006,232.84399954789714,linear,0.0006606578826904297,0.0
307.0,232.16904960633104,linear,0.0007042884826660156,0.0
248.99999999999997,230.95495589032168,linear,0.0006442070007324219,0.0
331.0,215.0221030888246,linear,0.0006570816040039062,19972.0
343.0,220.30078741844702,linear,0.0003809928894042969,0.0
385.0,218.53446385145693,linear,0.0005970001220703125,22567.0
268.99999999999994,224.28294863054413,linear,0.0007123947143554688,0.0
277.0,219.58509252483975,linear,0.0007252693176269531,0.0
282.99999999999994,222.31655165527962,linear,0.0006730556488037109,0.0
286.99999999999994,216.67292982066215,linear,0.0007092952728271484,0.0
327.0,210.24606422315344,linear,0.0006482601165771484,0.0
331.0,204.19260041052527,linear,0.0004756450653076172,0.0
257.0,211.3901294917166,linear,0.0005719661712646484,20003.0
286.99999999999994,208.75201057172762,linear,0.0007455348968505859,0.0
277.0,209.1427384914442,linear,0.0007636547088623047,30013.0
261.0,207.80735434129028,linear,0.0007848739624023438,0.0
263.0,200.21066684323588,linear,0.0007040500640869141,0.0
289.0,192.59848663884628,linear,0.0005447864532470703,21880.0
275.0,196.29474314986132,linear,0.0006260871887207031,20766.0
268.99999999999994,194.95892683374728,linear,0.0007004737854003906,9719.0
237.0,194.05573318757553,linear,0.0006568431854248047,0.0
317.0,191.08769169814005,linear,0.0007841587066650391,4913.0
223.0,265.34216459029244,svm,0.0007746219635009766,0.0
250.99999999999994,248.818609034737,svm,0.0008120536804199219,20827.0
244.99999999999997,251.73372014584814,svm,0.0007977485656738281,0.0
207.0,242.53860903473688,svm,0.0005924701690673828,22047.0
189.0,236.17283125695926,svm,0.0008115768432617188,0.0
219.0,220.0519423680702,svm,0.0006811618804931641,4944.0
171.0,219.1808312569592,svm,0.0008075237274169922,0.0
191.0,205.76616459029256,svm,0.0008432865142822266,17623.0
205.0,203.57994236807028,svm,0.0008471012115478516,0.0
213.0,202.48216459029248,svm,0.0009069442749023438,21697.0
213.0,208.09772014584806,svm,0.0005445480346679688,17730.0
173.0,209.59772014584806,svm,0.0008869171142578125,20950.0
203.0,204.89772014584813,svm,0.001004934310913086,0.0
147.0,207.5248312569592,svm,0.0006701946258544922,9551.0
149.0,192.99772014584804,svm,0.0007793903350830078,0.0
203.0,186.7119423680701,svm,0.0006477832794189453,23055.0
119.0,188.6963868125148,svm,0.0006248950958251953,21056.0
163.0,175.66705347918145,svm,0.000759124755859375,0.0
167.0,178.02349792362574,svm,0.0008590221405029297,4074.0
161.0,175.74172014584803,svm,0.0009760856628417969,0.0
139.0,179.67905347918148,svm,0.0008437633514404297,20049.0
145.0,171.51194236807024,svm,0.0007188320159912109,21056.0
147.0,172.49905347918127,svm,0.0007307529449462891,21621.0
173.0,169.75949792362584,svm,0.0007970333099365234,0.0
132.99999999999997,174.51372014584805,svm,0.001077890396118164,5599.0
129.0,168.46972014584813,svm,0.001203775405883789,0.0
96.99999999999999,166.81060903473693,svm,0.0010976791381835938,0.0
127.0,154.42216459029243,svm,0.0004968643188476562,0.0
114.99999999999999,154.22260903473685,svm,0.0008220672607421875,0.0
88.99999999999997,146.70438681251477,svm,0.0005962848663330078,22185.0
119.0,141.11460903473696,svm,0.0007848739624023438,0.0
129.0,141.89816459029248,svm,0.0007691383361816406,0.0
117.0,117.28604763746259,lstm,0.002577066421508789,12634.0
109.0,118.03976252675054,lstm,0.0013947486877441406,19729.0
101.0,116.07224836945531,lstm,0.0026688575744628906,42554.0
114.99999999999999,112.28970080614087,lstm,0.0016186237335205078,20384.0
117.0,112.16690406203267,lstm,0.0022783279418945312,21758.0
131.0,113.22701677680013,lstm,0.001867055892944336,8392.0
96.99999999999999,119.5090854167938,lstm,0.0020046234130859375,30638.0
81.0,114.04648333787915,lstm,0.0025763511657714844,9857.0
88.99999999999997,103.4742599725723,lstm,0.0013577938079833984,0.0
99.0,96.67424619197843,lstm,0.0014028549194335938,0.0
65.0,95.59292554855345,lstm,0.0014045238494873047,0.0
65.0,84.58540767431258,lstm,0.001422882080078125,0.0
76.99999999999999,76.92170277237891,lstm,0.002866029739379883,28655.0
94.99999999999999,75.75439780950545,lstm,0.002446413040161133,10314.0
76.99999999999999,81.33789926767348,lstm,0.001466989517211914,36817.0
91.0,80.63965126872061,lstm,0.0013713836669921875,0.0
84.99999999999999,85.23930698633193,lstm,0.0013804435729980469,0.0
84.99999999999999,86.73576042056082,lstm,0.001407623291015625,22231.0
65.0,86.86130568385123,lstm,0.002982616424560547,20537.0
75.0,79.70086351037024,lstm,0.0018112659454345703,7538.0
81.0,77.52013519406317,lstm,0.0019283294677734375,0.0
53.0,77.80926167964934,lstm,0.0023102760314941406,20064.0
47.00000000000001,69.95280578732489,lstm,0.0022552013397216797,23055.0
55.00000000000001,61.179638952016816,lstm,0.0019195079803466797,21193.0
58.99999999999999,57.835701853036866,lstm,0.0018758773803710938,35978.0
75.0,57.04528979957102,lstm,0.002726316452026367,3861.0
45.000000000000014,62.2600995749235,lstm,0.00263214111328125,3250.0
43.0,58.53042110800742,lstm,0.0015096664428710938,20354.0
61.0,53.682396784424775,lstm,0.0014710426330566406,0.0
35.0,55.12986451387405,lstm,0.002254009246826172,46689.0
35.0,48.761501237750046,lstm,0.0022869110107421875,44767.0
55.00000000000001,42.69398555159568,lstm,0.0027556419372558594,14937.0
37.00000000000001,45.98728783428668,lstm,0.0018935203552246094,0.0
43.0,92.86438681251477,svm,0.0006628036499023438,4059.0
39.0,92.88527570140361,svm,0.0008249282836914062,0.0
39.0,91.5061645902926,svm,0.0007150173187255859,21407.0
29.000000000000004,92.00127570140366,svm,0.0006821155548095703,20110.0
40.99999999999999,88.08483125695919,svm,0.0004942417144775391,22612.0
40.99999999999999,89.42483125695914,svm,0.0008597373962402344,0.0
30.999999999999996,89.13460903473691,svm,0.0007457733154296875,0.0
33.00000000000001,88.09683125695918,svm,0.0005676746368408203,0.0
43.0,87.29283125695918,svm,0.0005476474761962891,0.0
50.999999999999986,89.07994236807028,svm,0.0005788803100585938,20492.0
25.0,91.84616459029246,svm,0.0006511211395263672,21712.0
29.000000000000004,88.29905347918137,svm,0.0004584789276123047,9613.0
39.0,87.76394236807027,svm,0.0007302761077880859,0.0
30.999999999999996,87.57994236807029,svm,0.0008652210235595703,21056.0
22.999999999999993,86.31016459029246,svm,0.0008580684661865234,0.0
16.999999999999996,83.27016459029252,svm,0.0006349086761474609,0.0
19.000000000000007,80.52838681251474,svm,0.0008687973022460938,21652.0
37.00000000000001,78.77149792362577,svm,0.0006201267242431641,0.0
22.999999999999993,80.69372014584808,svm,0.0007646083831787109,0.0
33.00000000000001,79.3950534791814,svm,0.0007698535919189453,0.0
33.00000000000001,82.40616459029252,svm,0.0009083747863769531,4318.0
30.999999999999996,83.22527570140363,svm,0.0008292198181152344,18157.0
37.00000000000001,84.77238681251474,svm,0.0008211135864257812,0.0
40.99999999999999,85.56527570140362,svm,0.0009057521820068359,0.0
25.0,87.84794236807032,svm,0.0007960796356201172,25222.0
29.000000000000004,85.7181645902925,svm,0.0007839202880859375,0.0
30.999999999999996,85.29149792362585,svm,0.0009808540344238281,5752.0
40.99999999999999,84.37638681251472,svm,0.0008673667907714844,0.0
33.00000000000001,86.53372014584805,svm,0.0006055831909179688,0.0
29.000000000000004,85.6212757014036,svm,0.0006527900695800781,20873.0
39.0,85.79105347918136,svm,0.0006618499755859375,22231.0
27.00000000000001,87.09860903473697,svm,0.0007832050323486328,0.0
39.0,85.29816459029247,svm,0.0009005069732666016,3677.0
39.0,34.614988267421715,lstm,0.0018982887268066406,0.0
29.000000000000004,36.584683507680886,lstm,0.0020062923431396484,21133.0
35.0,34.98029306530952,lstm,0.0027534961700439453,47666.0
29.000000000000004,34.74990509450435,lstm,0.0023653507232666016,22964.0
16.999999999999996,33.31112623214721,lstm,0.002218008041381836,17699.0
35.0,27.686326056718816,lstm,0.0019006729125976562,0.0
39.0,28.899096846580495,lstm,0.0025911331176757812,5203.0
50.999999999999986,32.54214376211166,lstm,0.002212047576904297,18386.0
45.000000000000014,39.30527418851852,lstm,0.0013737678527832031,0.0
58.99999999999999,43.062774762511246,lstm,0.0014345645904541016,20445.0
71.0,50.05144335329532,lstm,0.0015032291412353516,21941.0
50.999999999999986,58.47373068332671,lstm,0.002437591552734375,21880.0
91.0,58.34586247801779,lstm,0.0020127296447753906,19927.0
71.0,69.36577528715132,lstm,0.0025436878204345703,5539.0
96.99999999999999,72.6701159775257,lstm,0.002260446548461914,20202.0
76.99999999999999,81.8056972324848,lstm,0.0019617080688476562,32881.0
91.0,82.29920715093611,lstm,0.0015673637390136719,20614.0
102.99999999999999,86.7151553928852,lstm,0.0014958381652832031,22643.0
102.99999999999999,92.3707567155361,lstm,0.0019109249114990234,0.0
83.0,97.85791814327237,lstm,0.002053976058959961,3204.0
112.99999999999999,94.17999163269995,lstm,0.0021986961364746094,42189.0
132.99999999999997,100.77395513653752,lstm,0.0027015209197998047,48475.0
96.99999999999999,112.44260713458058,lstm,0.002414703369140625,41090.0
153.0,109.8925310373306,lstm,0.0022611618041992188,42112.0
183.0,124.29963022470471,lstm,0.002668619155883789,4212.0
155.0,146.9560284912586,lstm,0.0020072460174560547,16769.0
145.0,154.19811055064199,lstm,0.0025589466094970703,5493.0
137.0,153.75031471252439,lstm,0.0021283626556396484,43730.0
167.0,150.82085430622098,lstm,0.0013051033020019531,0.0
159.0,154.94008660316464,lstm,0.0014078617095947266,0.0
227.0,155.66025182604787,lstm,0.00145721435546875,22170.0
186.99999999999997,179.46875840425488,lstm,0.0026836395263671875,3799.0
197.00000000000003,192.7319423680703,svm,0.0008034706115722656,0.0
228.99999999999997,202.74305347918136,svm,0.0008323192596435547,18431.0
227.0,209.86483125695918,svm,0.0005116462707519531,0.0
266.99999999999994,218.0377201458481,svm,0.0006351470947265625,21453.0
271.0,230.00527570140358,svm,0.0006856918334960938,21834.0
303.0,240.2906090347371,svm,0.000682830810546875,6592.0
281.0,257.6572757014036,svm,0.0009305477142333984,4639.0
295.0,261.65238681251486,svm,0.0007851123809814453,0.0
305.0,270.8274979236258,svm,0.0005114078521728516,0.0
299.0,274.51949792362586,svm,0.0006430149078369141,21270.0
405.0,277.8172757014036,svm,0.0008091926574707031,0.0
397.0,302.0488312569592,svm,0.00057220458984375,0.0
365.0,317.21372014584784,svm,0.0007524490356445312,0.0
443.0,327.7990534791815,svm,0.0010364055633544922,0.0
423.0,348.2177201458481,svm,0.0007574558258056641,20705.0
427.0,357.8670534791813,svm,0.0008504390716552734,20126.0
365.0,365.9937201458479,svm,0.0008091926574707031,20446.0
423.0,353.43238681251455,svm,0.0005657672882080078,0.0
367.0,362.55816459029245,svm,0.0004456043243408203,25374.0
427.0,346.40216459029233,svm,0.0007796287536621094,0.0
359.0,356.50972014584795,svm,0.0009329319000244141,3784.0
395.0,340.3843868125146,svm,0.0007567405700683594,0.0
373.0,348.6346090347369,svm,0.0006129741668701172,20995.0
373.0,337.8363868125146,svm,0.0006310939788818359,20522.0
361.0,339.7350534791813,svm,0.0008058547973632812,22216.0
315.0,330.74260903473686,svm,0.0008389949798583984,0.0
307.0,319.5528312569594,svm,0.0008299350738525391,0.0
381.0,306.8723868125147,svm,0.0008089542388916016,19270.0
333.0,313.1679423680702,svm,0.0007426738739013672,20979.0
321.00000000000006,306.9319423680704,svm,0.0007801055908203125,13778.0
347.0,305.5310534791814,svm,0.0007510185241699219,21224.0
266.99999999999994,307.1101645902928,svm,0.0006706714630126953,12755.0
215.00000000000003,292.65905347918124,svm,0.0010426044464111328,0.0
351.0,268.39994236807024,svm,0.0004734992980957031,0.0
248.99999999999997,278.48305347918154,svm,0.0006847381591796875,24657.0
345.0,261.71283125695925,svm,0.0008289813995361328,32072.0
305.0,280.73505347918154,svm,0.0008928775787353516,0.0
227.0,276.0777201458481,svm,0.0005974769592285156,30547.0
263.0,271.4932757014038,svm,0.0004627704620361328,52792.0
281.0,260.9879423680702,svm,0.0008416175842285156,19973.0
291.0,261.05327570140355,svm,0.0005543231964111328,17379.0
263.0,262.04749792362594,svm,0.0005168914794921875,0.0
246.99999999999997,257.1870534791814,svm,0.0008747577667236328,0.0
279.0,255.72660903473704,svm,0.0008087158203125,0.0
282.99999999999994,257.9861645902926,svm,0.0006651878356933594,21880.0
286.99999999999994,259.1928312569592,svm,0.0008058547973632812,0.0
313.0,262.5910534791814,svm,0.0007941722869873047,0.0
261.0,271.32438681251483,svm,0.0008301734924316406,0.0
293.0,267.2203868125147,svm,0.0005352497100830078,0.0
321.00000000000006,271.8954979236258,svm,0.0009047985076904297,20355.0
349.0,276.5234979236258,svm,0.0008730888366699219,22018.0
315.0,290.19238681251454,svm,0.0008013248443603516,36146.0
313.0,290.2510534791815,svm,0.0006768703460693359,3754.0
279.0,294.79594236807054,svm,0.0007622241973876953,0.0
305.0,285.65238681251446,svm,0.0004794597625732422,20110.0
255.0,285.30749792362593,svm,0.0005657672882080078,57995.0
250.99999999999994,268.93105347918146,svm,0.0005826950073242188,57004.0
268.99999999999994,261.8621645902925,svm,0.0007297992706298828,20156.0
315.0,256.01194236807027,svm,0.0005898475646972656,0.0
297.0,266.0581645902926,svm,0.0007853507995605469,0.0
293.0,267.600386812515,svm,0.0007836818695068359,0.0
303.0,273.4003868125148,svm,0.0006256103515625,19942.0
329.0,277.5074979236259,svm,0.0006501674652099609,20552.0
353.0,286.3706090347369,svm,0.0005397796630859375,23024.0
284.99999999999994,295.62127570140365,svm,0.0007042884826660156,21514.0
299.0,289.0461645902926,svm,0.0007064342498779297,17471.0
311.0,289.37060903473684,svm,0.0007917881011962891,13534.0
297.0,286.49105347918123,svm,0.0007374286651611328,18981.0
281.0,283.48083125695916,svm,0.0005767345428466797,29829.0
318.99999999999994,275.5026090347369,svm,0.0007901191711425781,19606.0
339.00000000000006,281.4386090347371,svm,0.0007395744323730469,21957.0
317.0,288.5874979236258,svm,0.0007023811340332031,18630.0
300.99999999999994,290.746609034737,svm,0.0008103847503662109,0.0
237.0,289.44660903473704,svm,0.0006749629974365234,18142.0
289.0,273.6492757014037,svm,0.0004904270172119141,0.0
329.0,272.5981645902924,svm,0.00064849853515625,21361.0
392.99999999999994,294.68239128589624,lstm,0.0015408992767333984,17516.0
389.0,325.2963909506797,lstm,0.0014758110046386719,20522.0
284.99999999999994,349.25060451030726,lstm,0.0019037723541259766,0.0
309.0,337.14662253856653,lstm,0.0019211769104003906,0.0
282.99999999999994,329.3369269371032,lstm,0.0022363662719726562,19912.0
337.0,312.21436172723764,lstm,0.0014376640319824219,0.0
263.0,313.26181352138514,lstm,0.0022449493408203125,20950.0
373.0,293.4854200482368,lstm,0.0014820098876953125,22170.0
230.99999999999997,318.0091622471809,lstm,0.001523733139038086,25404.0
289.0,292.1677622199058,lstm,0.0028498172760009766,27342.0
191.0,289.736723601818,lstm,0.0019769668579101562,43623.0
297.0,254.59887415170667,lstm,0.0022377967834472656,43775.0
221.0,264.2491200566291,lstm,0.0023598670959472656,21011.0
199.0,245.23064404726026,lstm,0.002267122268676758,17775.0
279.0,230.53354948759076,lstm,0.0014498233795166016,0.0
259.0,241.56766593456265,lstm,0.0019521713256835938,3571.0
284.99999999999994,250.52273154258725,lstm,0.0020499229431152344,5737.0
275.0,260.24468719959253,lstm,0.0013675689697265625,20644.0
284.99999999999994,268.60163956880564,lstm,0.0015506744384765625,22261.0
237.0,277.8865629434585,lstm,0.0014507770538330078,20690.0
277.0,265.08803904056543,lstm,0.001458883285522461,21407.0
293.0,267.9699766635894,lstm,0.0013973712921142578,17745.0
266.99999999999994,274.7435691952705,lstm,0.0019202232360839844,6500.0
389.0,272.94110804796213,lstm,0.0015201568603515625,18523.0
284.99999999999994,309.04310256242746,lstm,0.0014078617095947266,20919.0
259.0,307.90840744972223,lstm,0.0014247894287109375,0.0
373.0,294.1900694370269,lstm,0.0014030933380126953,0.0
232.99999999999994,317.4336045980453,lstm,0.0014123916625976562,21910.0
315.0,293.8211295008659,lstm,0.001737833023071289,4013.0
347.0,293.8021203875541,lstm,0.0019061565399169922,0.0
297.0,310.96522182226175,lstm,0.0016262531280517578,20155.0
417.0,310.0716516375541,lstm,0.0015952587127685547,23085.0
323.0,309.69816459029244,svm,0.0005710124969482422,20156.0
195.0,307.3986090347372,svm,0.0008282661437988281,12908.0
266.99999999999994,283.68883125695925,svm,0.0008709430694580078,0.0
361.0,270.7083868125147,svm,0.0012786388397216797,0.0
333.0,281.65283125695913,svm,0.0005867481231689453,22185.0
281.0,282.9021645902925,svm,0.0006024837493896484,20949.0
237.0,279.41994236807034,svm,0.0006034374237060547,0.0
242.99999999999997,271.13238681251477,svm,0.0008189678192138672,0.0
315.0,261.94260903473696,svm,0.0007908344268798828,21208.0
279.0,264.32838681251485,svm,0.0008013248443603516,14052.0
303.0,259.8381645902927,svm,0.0008182525634765625,0.0
317.0,269.44572014584804,svm,0.0009136199951171875,17791.0
225.0,276.8399423680703,svm,0.0008833408355712891,0.0
371.0,265.14572014584826,svm,0.0008478164672851562,0.0
305.0,285.8972757014036,svm,0.0008411407470703125,0.0
255.0,279.98927570140364,svm,0.0006678104400634766,0.0
359.0,277.43016459029263,svm,0.000713348388671875,4471.0
337.0,287.2319423680703,svm,0.0008323192596435547,14770.0
259.0,295.2626090347371,svm,0.0008537769317626953,0.0
299.0,282.7399423680704,svm,0.0005724430084228516,0.0
209.0,281.3479423680704,svm,0.0007612705230712891,20323.0
279.0,259.9150534791813,svm,0.0007352828979492188,20553.0
377.0,260.38260903473696,svm,0.0009310245513916016,17196.0
195.0,274.2901645902925,svm,0.0008909702301025391,19377.0
264.99999999999994,255.54616459029236,svm,0.0008707046508789062,0.0
211.0,260.08260903473706,svm,0.0008475780487060547,0.0
367.0,240.90616459029243,svm,0.0005488395690917969,0.0
250.99999999999994,272.10127570140355,svm,0.0006244182586669922,19866.0
228.99999999999997,251.08927570140366,svm,0.0007851123809814453,22078.0
353.0,257.14705347918135,svm,0.0011289119720458984,13397.0
264.99999999999994,270.89949792362574,svm,0.0010008811950683594,0.0
266.99999999999994,268.31772014584817,svm,0.0009403228759765625,19179.0
264.99999999999994,265.82216459029246,svm,0.0010173320770263672,0.0
242.99999999999997,273.79520595073694,lstm,0.0023050308227539062,41304.0
205.0,265.10467201471323,lstm,0.0023000240325927734,42936.0
281.0,240.04448980093,lstm,0.0013659000396728516,37230.0
179.0,249.90489989519116,lstm,0.003279447555541992,18142.0
293.0,227.01230630278584,lstm,0.0024039745330810547,37596.0
242.99999999999997,244.54393982887265,lstm,0.001535654067993164,17028.0
242.99999999999997,245.8137911558151,lstm,0.0013456344604492188,21925.0
223.0,247.486557662487,lstm,0.0015838146209716797,20506.0
261.0,238.19830060005185,lstm,0.0021066665649414062,20445.0
277.0,247.4859547615051,lstm,0.003028392791748047,9262.0
275.0,254.8008459806442,lstm,0.0017230510711669922,0.0
261.0,263.1233620643615,lstm,0.0014395713806152344,0.0
257.0,264.5764952898025,lstm,0.0016777515411376953,23177.0
250.99999999999994,264.3183827400207,lstm,0.0014607906341552734,19561.0
317.0,259.6589866280555,lstm,0.002192974090576172,44767.0
321.00000000000006,276.29692584276194,lstm,0.002363443374633789,5828.0
282.99999999999994,291.8972015380859,lstm,0.0025670528411865234,5264.0
266.99999999999994,292.4618005752563,lstm,0.0022423267364501953,15807.0
339.00000000000006,286.42062634229654,lstm,0.0013661384582519531,0.0
259.0,303.62270355224604,lstm,0.0013546943664550781,0.0
250.99999999999994,289.1889348626136,lstm,0.0017006397247314453,21194.0
261.0,274.6195843815803,lstm,0.0022401809692382812,21743.0
228.99999999999997,268.3938160538673,lstm,0.0018310546875,22429.0
250.99999999999994,254.5739424228668,lstm,0.002679109573364258,4333.0
221.0,247.75165677070615,lstm,0.002249479293823242,19088.0
230.99999999999997,238.43311280012128,lstm,0.0013756752014160156,40312.0
227.0,234.59827244281766,lstm,0.001483917236328125,20293.0
230.99999999999997,230.4892539978027,lstm,0.0014507770538330078,20980.0
215.00000000000003,230.48389881849286,lstm,0.0013995170593261719,24580.0
205.0,224.6211655437946,lstm,0.002089262008666992,3906.0
225.0,218.18439960479733,lstm,0.0013952255249023438,0.0
197.00000000000003,219.00049701333043,lstm,0.001382589340209961,0.0
201.0,214.92660903473688,svm,0.000850677490234375,0.0
185.0,212.9181645902925,svm,0.0006556510925292969,20736.0
165.0,205.93283125695916,svm,0.000736236572265625,21651.0
168.99999999999997,198.8510534791814,svm,0.0010325908660888672,26809.0
223.0,191.9532757014036,svm,0.0007548332214355469,0.0
159.0,200.10616459029254,svm,0.0008111000061035156,0.0
141.0,191.37283125695916,svm,0.0006158351898193359,0.0
151.00000000000003,185.90838681251466,svm,0.0005893707275390625,0.0
173.0,179.33905347918142,svm,0.0006241798400878906,21300.0
142.99999999999997,181.3488312569594,svm,0.0008242130279541016,18905.0
111.0,172.73194236807024,svm,0.0007586479187011719,4379.0
155.0,164.28172014584797,svm,0.0006461143493652344,22536.0
145.0,166.90349792362576,svm,0.0007042884826660156,20537.0
131.0,164.74527570140356,svm,0.0004985332489013672,23116.0
127.0,162.4843868125147,svm,0.0008478164672851562,20156.0
124.99999999999997,159.01283125695915,svm,0.0005497932434082031,0.0
119.0,158.2323868125148,svm,0.0006768703460693359,18874.0
106.99999999999997,153.78083125695917,svm,0.0007901191711425781,0.0
131.0,148.29372014584797,svm,0.0006501674652099609,18966.0
120.99999999999999,150.33283125695914,svm,0.0004775524139404297,20431.0
129.0,148.86527570140356,svm,0.0008106231689453125,14770.0
111.0,151.82749792362588,svm,0.0006363391876220703,0.0
99.0,148.36749792362585,svm,0.0005970001220703125,19729.0
112.99999999999999,145.44883125695927,svm,0.0008721351623535156,4135.0
88.99999999999997,143.5128312569592,svm,0.0004858970642089844,0.0
114.99999999999999,137.126609034737,svm,0.0008981227874755859,0.0
81.0,139.28216459029244,svm,0.0008728504180908203,22322.0
73.00000000000001,131.54838681251482,svm,0.0008671283721923828,19347.0
96.99999999999999,128.21327570140357,svm,0.0007808208465576172,0.0
71.0,126.77060903473699,svm,0.0006546974182128906,18233.0
93.0,122.19816459029256,svm,0.0007984638214111328,0.0
73.00000000000001,123.94972014584809,svm,0.0007455348968505859,16647.0
96.99999999999999,119.65238681251469,svm,0.0007631778717041016,20293.0
93.0,87.14278951287268,lstm,0.0015718936920166016,23970.0
86.99999999999999,89.51786473393439,lstm,0.0015368461608886719,19881.0
75.0,90.31365856528281,lstm,0.0014934539794921875,21529.0
94.99999999999999,85.58063760399817,lstm,0.0015420913696289062,3982.0
65.0,88.64424347877501,lstm,0.0017843246459960938,41975.0
35.0,81.11867383122443,lstm,0.0020334720611572266,19286.0
83.0,65.06948515772818,lstm,0.0018165111541748047,24123.0
73.00000000000001,67.70132526755332,lstm,0.0024869441986083984,46659.0
55.00000000000001,69.57251712679862,lstm,0.0019681453704833984,44019.0
58.99999999999999,64.77028667926787,lstm,0.0024466514587402344,48276.0
71.0,62.92218238115309,lstm,0.003587484359741211,20552.0
50.999999999999986,66.36141330003737,lstm,0.002269268035888672,38740.0
55.00000000000001,61.13741815090178,lstm,0.0022644996643066406,20339.0
47.00000000000001,58.44644054770468,lstm,0.001386880874633789,0.0
45.000000000000014,54.734778180718415,lstm,0.002429962158203125,39198.0
45.000000000000014,50.92877954244613,lstm,0.0014452934265136719,21025.0
40.99999999999999,47.850420325994484,lstm,0.0015625953674316406,18569.0
27.00000000000001,45.41639380156993,lstm,0.0021805763244628906,31172.0
39.0,38.95417302846908,lstm,0.0022733211517333984,68844.0
47.00000000000001,37.873756736516945,lstm,0.0013239383697509766,22430.0
39.0,40.51763713359832,lstm,0.0025789737701416016,44232.0
43.0,40.62521949410438,lstm,0.0025916099548339844,40815.0
47.00000000000001,41.817784234881394,lstm,0.0014619827270507812,21681.0
21.0,44.45442982017993,lstm,0.0018985271453857422,0.0
48.99999999999999,37.56563887000083,lstm,0.001695394515991211,34026.0
37.00000000000001,39.94617566466331,lstm,0.0013930797576904297,0.0
50.999999999999986,39.546665102243416,lstm,0.0014450550079345703,0.0
57.0,43.33517961204051,lstm,0.0013494491577148438,0.0
48.99999999999999,48.564228489994996,lstm,0.0014660358428955078,17196.0
43.0,50.954509228467934,lstm,0.0013580322265625,0.0
30.999999999999996,48.9053551852703,lstm,0.0018002986907958984,33919.0
22.999999999999993,43.42307016253471,lstm,0.0021517276763916016,40907.0
39.0,35.594950616359704,lstm,0.002220630645751953,22017.0
25.0,34.70652282238006,lstm,0.006958723068237305,451072.0
39.0,31.202701702713956,lstm,0.0018680095672607422,32545.0
33.00000000000001,33.146924376487725,lstm,0.0024292469024658203,61292.0
33.00000000000001,33.83111059665679,lstm,0.0019061565399169922,62268.0
29.000000000000004,34.30207379162311,lstm,0.00238037109375,56669.0
35.0,32.596449181437485,lstm,0.009366750717163086,442391.0
35.0,33.587981909513466,lstm,0.0012917518615722656,0.0
29.000000000000004,34.07539188861846,lstm,0.0012860298156738281,0.0
19.000000000000007,32.86141529679298,lstm,0.0014731884002685547,0.0
27.00000000000001,28.404824435710896,lstm,0.0014560222625732422,28212.0
30.999999999999996,27.302783504128445,lstm,0.0014736652374267578,16662.0
30.999999999999996,28.079293370246877,lstm,0.0022420883178710938,19042.0
45.000000000000014,29.18841838836669,lstm,0.0028564929962158203,69058.0
27.00000000000001,34.846183061599724,lstm,0.0018582344055175781,20263.0
19.000000000000007,34.10095311701297,lstm,0.0018856525421142578,20842.0
30.999999999999996,29.50749486684798,lstm,0.001878976821899414,21606.0
50.999999999999986,29.17563334107398,lstm,0.002259492874145508,18523.0
45.000000000000014,36.10879957675933,lstm,0.00157928466796875,19438.0
45.000000000000014,40.09823083877563,lstm,0.0014939308166503906,20323.0
37.00000000000001,43.42918783426284,lstm,0.0014483928680419922,30348.0
48.99999999999999,42.97699436545371,lstm,0.0014462471008300781,20141.0
22.999999999999993,45.18728256225585,lstm,0.0014030933380126953,21255.0
25.0,38.17905515432357,lstm,0.0014889240264892578,12603.0
65.0,32.83413402736186,lstm,0.0021829605102539062,180517.0
35.0,41.96760512888431,lstm,0.0016772747039794922,118524.0
37.00000000000001,41.66242197155952,lstm,0.002468585968017578,88801.0
53.0,40.37052929401397,lstm,0.0025141239166259766,38954.0
61.0,45.17655447125434,lstm,0.0023131370544433594,42554.0
55.00000000000001,51.689746975898736,lstm,0.0020873546600341797,43317.0
83.0,53.46544995903968,lstm,0.002243518829345703,19759.0
75.0,64.57262381911276,lstm,0.0018725395202636719,41548.0
88.99999999999997,70.82580640912055,lstm,0.001970529556274414,77343.0
78.99999999999999,78.5424956679344,lstm,0.0018260478973388672,31279.0
78.99999999999999,80.76884940266608,lstm,0.002613544464111328,43074.0
96.99999999999999,81.73322498798369,lstm,0.001386404037475586,22979.0
93.0,86.73361480236052,lstm,0.001546621322631836,51511.0
83.0,90.22262051701544,lstm,0.001329660415649414,0.0
114.99999999999999,88.79500418901442,lstm,0.0018639564514160156,22276.0
114.99999999999999,97.78773337602613,lstm,0.00209808349609375,58133.0
114.99999999999999,105.5031459033489,lstm,0.0026030540466308594,44355.0
145.0,110.36972716450688,lstm,0.0019342899322509766,42936.0
145.0,123.37442547082898,lstm,0.0020020008087158203,38465.0
155.0,156.61772014584804,svm,0.0009195804595947266,20354.0
155.0,164.17549792362587,svm,0.0006911754608154297,22384.0
163.0,168.38216459029246,svm,0.0007231235504150391,20247.0
149.0,174.44172014584802,svm,0.0006678104400634766,20461.0
145.0,173.38616459029257,svm,0.0006678104400634766,19683.0
189.0,172.61594236807028,svm,0.0008165836334228516,0.0
230.99999999999997,180.19416459029247,svm,0.0005779266357421875,0.0
199.0,195.00260903473696,svm,0.0006592273712158203,19302.0
205.0,200.35860903473704,svm,0.0006244182586669922,19713.0
227.0,207.94038681251465,svm,0.0004947185516357422,20827.0
263.0,215.5852757014036,svm,0.0007901191711425781,22643.0
286.99999999999994,228.68927570140343,svm,0.0004992485046386719,0.0
315.0,241.30616459029255,svm,0.0006806850433349609,17943.0
286.99999999999994,260.08127570140357,svm,0.00067901611328125,21132.0
273.0,267.28172014584806,svm,0.0008623600006103516,20720.0
264.99999999999994,269.99283125695933,svm,0.0009255409240722656,0.0
271.0,265.63994236807036,svm,0.0008366107940673828,0.0
263.0,263.1168312569592,svm,0.0009350776672363281,19332.0
284.99999999999994,257.2203868125147,svm,0.0008246898651123047,0.0
407.0,260.161720145848,svm,0.0006253719329833984,21575.0
284.99999999999994,289.4848312569592,svm,0.0006270408630371094,17150.0
409.0,283.98527570140357,svm,0.0005769729614257812,61520.0
383.0,316.4706090347369,svm,0.0005612373352050781,63503.0
311.0,320.5332757014037,svm,0.001035451889038086,51542.0
455.0,321.3990534791816,svm,0.0007736682891845703,14968.0
413.0,339.5172757014036,svm,0.0007143020629882812,19744.0
337.0,346.9488312569594,svm,0.0007760524749755859,20965.0
339.00000000000006,340.26660903473686,svm,0.0009176731109619141,0.0
317.0,328.83949792362586,svm,0.0008006095886230469,0.0
353.0,318.9030534791813,svm,0.0004372596740722656,0.0
329.0,313.7483868125148,svm,0.0005166530609130859,0.0
315.0,303.74749792362604,svm,0.0006153583526611328,19621.0
333.0,301.5163868125148,svm,0.00064849853515625,19942.0
343.0,327.0137366652488,lstm,0.0015072822570800781,20858.0
357.00000000000006,331.8846091628074,lstm,0.0015015602111816406,19744.0
343.0,338.4099128842353,lstm,0.0014905929565429688,21193.0
291.0,340.6367099285125,lstm,0.0014178752899169922,19103.0
367.0,326.17598801851267,lstm,0.0015056133270263672,19165.0
323.0,336.89102798700327,lstm,0.0014996528625488281,41349.0
300.99999999999994,331.7996355891227,lstm,0.0014090538024902344,0.0
293.0,320.2075165510177,lstm,0.0026330947875976562,46034.0
250.99999999999994,309.3758684396743,lstm,0.0024857521057128906,42615.0
250.99999999999994,290.2084404230117,lstm,0.002480745315551758,46704.0
293.0,271.3114312291145,lstm,0.0028972625732421875,87062.0
273.0,273.7678980827331,lstm,0.0019528865814208984,32561.0
311.0,272.2882372140884,lstm,0.0023653507232666016,43440.0
244.99999999999997,283.8700005412101,lstm,0.0013608932495117188,0.0
300.99999999999994,274.4011569023132,lstm,0.0014469623565673828,0.0
343.0,283.0816543102264,lstm,0.0013835430145263672,0.0
275.0,301.49683922529215,lstm,0.0028111934661865234,40510.0
277.0,296.03778362274164,lstm,0.001566171646118164,15304.0
261.0,289.172089099884,lstm,0.0021064281463623047,42005.0
331.0,281.5186867117881,lstm,0.002688884735107422,45774.0
257.0,294.4685032963752,lstm,0.0024940967559814453,46553.0
248.99999999999997,280.911139845848,lstm,0.0014355182647705078,0.0
257.0,270.6769666075706,lstm,0.0014140605926513672,20858.0
313.0,264.68998253345484,lstm,0.0014469623565673828,30836.0
305.0,278.99075835943216,lstm,0.0015299320220947266,19576.0
259.0,285.6328830122947,lstm,0.0014488697052001953,21712.0
309.0,280.13577371835703,lstm,0.0014841556549072266,20400.0
282.99999999999994,290.42342782020563,lstm,0.0015416145324707031,20278.0
263.0,289.7562646865844,lstm,0.0015540122985839844,21300.0
295.0,279.6532401442527,lstm,0.0024182796478271484,25725.0
286.99999999999994,282.4447780847549,lstm,0.0015418529510498047,15685.0
317.0,284.9893748760223,lstm,0.0014252662658691406,19866.0
255.0,293.8684040307998,lstm,0.002211332321166992,48078.0
268.99999999999994,266.22216459029244,svm,0.0006558895111083984,19911.0
281.0,267.2741645902925,svm,0.0006909370422363281,19958.0
259.0,263.17638681251475,svm,0.0007641315460205078,20232.0
286.99999999999994,259.3972757014036,svm,0.0004563331604003906,17195.0
311.0,260.6452757014037,svm,0.0008089542388916016,0.0
329.0,268.63638681251473,svm,0.0006582736968994141,15959.0
345.0,280.2777201458483,svm,0.0007431507110595703,21529.0
351.0,291.5386090347369,svm,0.0007157325744628906,20217.0
279.0,302.9648312569593,svm,0.0007925033569335938,21239.0
300.99999999999994,294.0488312569592,svm,0.0008726119995117188,0.0
259.0,292.1599423680704,svm,0.0008378028869628906,18187.0
318.99999999999994,275.1381645902925,svm,0.0008187294006347656,0.0
289.0,280.2608312569593,svm,0.0005326271057128906,0.0
279.0,271.1194979236257,svm,0.0006399154663085938,20079.0
339.00000000000006,272.9852757014037,svm,0.0005757808685302734,25710.0
401.0,281.6439423680703,svm,0.0004830360412597656,26992.0
339.00000000000006,305.18883125695913,svm,0.0007555484771728516,23422.0
347.0,307.74527570140367,svm,0.0008995532989501953,18325.0
337.0,315.7346090347369,svm,0.0009851455688476562,23406.0
355.0,314.2821645902923,svm,0.0005230903625488281,29555.0
415.0,317.81194236807045,svm,0.001249551773071289,33827.0
300.99999999999994,327.88483125695944,svm,0.0006303787231445312,37458.0
349.0,314.1292757014035,svm,0.0007655620574951172,21895.0
327.0,319.181720145848,svm,0.0004901885986328125,24718.0
295.0,308.1986090347369,svm,0.0004668235778808594,0.0
375.00000000000006,300.85238681251474,svm,0.0005817413330078125,0.0
353.0,305.0772757014038,svm,0.0006313323974609375,20507.0
333.0,308.50883125695924,svm,0.0007026195526123047,18493.0
433.0,310.10838681251477,svm,0.000728607177734375,21331.0
325.0,330.3337201458479,svm,0.0005064010620117188,22764.0
449.00000000000006,322.13416459029247,svm,0.0006232261657714844,0.0
449.00000000000006,347.901720145848,svm,0.0005714893341064453,0.0
331.0,354.84660903473724,svm,0.0004892349243164062,22643.0
391.0,387.88421571254725,lstm,0.0013134479522705078,38053.0
471.0,384.7305470705032,lstm,0.001291036605834961,22811.0
437.0,412.65028864145273,lstm,0.0014603137969970703,44416.0
467.00000000000006,417.27574497461313,lstm,0.0019881725311279297,68767.0
401.0,430.72260022163385,lstm,0.002135753631591797,46720.0
355.0,426.9902884960174,lstm,0.0016231536865234375,18477.0
337.0,404.79629755020136,lstm,0.002240419387817383,57232.0
407.0,376.7154395580291,lstm,0.0018794536590576172,37947.0
367.0,379.3716084957122,lstm,0.002640247344970703,43013.0
477.0,369.3723893165588,lstm,0.002628326416015625,47193.0
375.00000000000006,400.1910915970802,lstm,0.002012491226196289,42356.0
385.0,395.84335982799524,lstm,0.002398252487182617,65563.0
431.0,395.0775691866874,lstm,0.001567840576171875,20675.0
343.0,403.8377204537391,lstm,0.0016405582427978516,40800.0
428.99999999999994,385.6904718279838,lstm,0.0014331340789794922,16875.0
387.0,392.0027741789817,lstm,0.001863241195678711,41791.0
473.0,390.62698960304255,lstm,0.0016055107116699219,73619.0
331.0,415.06249547004694,lstm,0.0015225410461425781,55142.0
405.0,388.27560484409327,lstm,0.0018739700317382812,44630.0
392.99999999999994,394.1952767968177,lstm,0.0016384124755859375,53143.0
441.0,389.99929875135416,lstm,0.0017642974853515625,55493.0
347.0,404.29755657911295,lstm,0.00185394287109375,47376.0
355.0,382.53364682197565,lstm,0.0016293525695800781,33446.0
359.0,375.4513689875602,lstm,0.0015196800231933594,22627.0
451.0,366.4055490493774,lstm,0.0014870166778564453,24337.0
381.0,389.1091331839561,lstm,0.001682281494140625,61184.0
415.0,384.06810075044626,lstm,0.001348257064819336,36467.0
377.0,395.63869267702097,lstm,0.0018773078918457031,49040.0
311.0,391.57790631055826,lstm,0.0018019676208496094,42936.0
391.0,366.56354457139963,lstm,0.001352071762084961,49940.0
341.0,366.61886960268015,lstm,0.0017049312591552734,70003.0
381.0,356.4570799469947,lstm,0.001758575439453125,44126.0
337.0,327.54883125695926,svm,0.0004868507385253906,22658.0
389.0,316.53727570140364,svm,0.0008215904235839844,21453.0
300.99999999999994,330.8461645902925,svm,0.0007109642028808594,19805.0
391.0,310.4946090347369,svm,0.0006844997406005859,21559.0
357.00000000000006,326.09816459029247,svm,0.0009095668792724609,27724.0
353.0,317.46794236807017,svm,0.0009276866912841797,17836.0
419.0,323.73238681251456,svm,0.0008451938629150391,19347.0
397.0,332.8301645902924,svm,0.0004715919494628906,23528.0
415.0,341.50038681251453,svm,0.00048351287841796875,0.0
327.0,350.73149792362574,svm,0.0005757808685302734,0.0
337.0,335.29683125695925,svm,0.0006685256958007812,19042.0
281.0,330.9666090347371,svm,0.00047659873962402344,25130.0
353.0,304.07949792362575,svm,0.0007817745208740234,22155.0
375.00000000000006,307.2368312569591,svm,0.0005719661712646484,0.0
353.0,306.7643868125148,svm,0.0005929470062255859,0.0
307.0,313.6208312569589,svm,0.0005352497100830078,18707.0
375.00000000000006,305.64527570140376,svm,0.0008871555328369141,16112.0
331.0,318.1288312569591,svm,0.0008745193481445312,14556.0
317.0,310.15683125695904,svm,0.0006539821624755859,0.0
321.00000000000006,306.41638681251476,svm,0.0005080699920654297,22932.0
363.0,299.74394236807035,svm,0.0004837512969970703,0.0
311.0,309.0323868125147,svm,0.0005664825439453125,0.0
383.0,299.4194979236259,svm,0.00047588348388671875,21819.0
323.0,314.46038681251497,svm,0.0007104873657226562,20537.0
327.0,306.6866090347368,svm,0.0006992816925048828,19149.0
239.0,310.07105347918144,svm,0.0006229877471923828,20309.0
271.0,282.3750534791814,svm,0.0006709098815917969,21773.0
277.0,277.61594236807014,svm,0.0007522106170654297,22185.0
323.0,263.6319423680705,svm,0.0005486011505126953,0.0
215.00000000000003,272.98660903473683,svm,0.0006902217864990234,21331.0
307.0,252.17905347918145,svm,0.0005538463592529297,18966.0
317.0,267.99772014584784,svm,0.0006537437438964844,0.0
259.0,269.67416459029255,svm,0.0005919933319091797,0.0
279.0,282.5123739242553,lstm,0.0014910697937011719,43119.0
279.0,279.0934997797012,lstm,0.0018029212951660156,44263.0
264.99999999999994,281.78772240877146,lstm,0.001604318618774414,23085.0
227.0,274.44385647773737,lstm,0.001401662826538086,22155.0
242.99999999999997,256.66423559188837,lstm,0.0014886856079101562,28624.0
221.0,250.64902156591413,lstm,0.001753091812133789,20613.0
228.99999999999997,238.63277941942212,lstm,0.0013091564178466797,18264.0
244.99999999999997,232.45173215866086,lstm,0.0014452934265136719,22765.0
225.0,234.5219877362251,lstm,0.001832723617553711,44782.0
221.0,232.33696818351743,lstm,0.0018734931945800781,43622.0
199.0,228.19156289100644,lstm,0.0013849735260009766,20506.0
185.0,218.8568469882011,lstm,0.002624034881591797,53586.0
205.0,206.33104711771009,lstm,0.002138853073120117,65289.0
219.0,202.61854246258733,lstm,0.0018606185913085938,74246.0
157.0,206.59944444894788,lstm,0.0022554397583007812,54349.0
181.0,190.9245331585407,lstm,0.002193450927734375,62924.0
217.0,186.15161433815953,lstm,0.0022361278533935547,66586.0
179.0,195.31687960028646,lstm,0.0027005672454833984,98902.0
215.00000000000003,190.66526800394055,lstm,0.0030939579010009766,104441.0
159.0,197.43887826800344,lstm,0.009926557540893555,343015.0
201.0,188.13647076487538,lstm,0.007681131362915039,264483.0
248.99999999999997,191.41969218850133,lstm,0.004221677780151367,133935.0
175.0,208.86174172163007,lstm,0.0031690597534179688,91533.0
173.0,201.8392042815685,lstm,0.0022897720336914062,56943.0
207.0,191.85704365372655,lstm,0.0030825138092041016,103693.0
149.0,197.06217154860494,lstm,0.002014636993408203,61459.0
205.0,181.31925657391545,lstm,0.00232696533203125,28196.0
132.99999999999997,184.46634650230405,lstm,0.002557516098022461,71377.0
173.0,169.2855657637119,lstm,0.0035164356231689453,85323.0
195.0,168.72344925999639,lstm,0.002909421920776367,87581.0
193.0,175.3100715577602,lstm,0.0029921531677246094,91838.0
149.0,183.5038328170776,lstm,0.0020477771759033203,47589.0
157.0,185.59816459029244,svm,0.0007958412170410156,20293.0
147.0,185.71727570140357,svm,0.0007195472717285156,0.0
153.0,178.5350534791814,svm,0.0006327629089355469,0.0
189.0,175.67060903473694,svm,0.0006725788116455078,0.0
173.0,180.00883125695918,svm,0.0007112026214599609,19851.0
147.0,182.64349792362586,svm,0.0009865760803222656,0.0
203.0,180.433720145848,svm,0.0006225109100341797,0.0
122.99999999999999,190.07060903473686,svm,0.0005931854248046875,0.0
147.0,177.39638681251458,svm,0.0005724430084228516,0.0
122.99999999999999,176.9888312569591,svm,0.00028634071350097656,0.0
132.99999999999997,163.93772014584795,svm,0.0006549358367919922,19561.0
141.0,164.2612757014036,svm,0.0004680156707763672,19561.0
102.99999999999999,158.86305347918142,svm,0.000362396240234375,0.0
112.99999999999999,153.08483125695912,svm,0.0005369186401367188,0.0
96.99999999999999,149.94127570140373,svm,0.0004980564117431641,0.0
153.0,142.67105347918135,svm,0.0002288818359375,0.0
104.99999999999999,151.91372014584806,svm,0.0005247592926025391,0.0
131.0,144.4372757014036,svm,0.0007216930389404297,23605.0
114.99999999999999,152.35772014584802,svm,0.0007638931274414062,25038.0
120.99999999999999,147.89638681251458,svm,0.0007381439208984375,29830.0
106.99999999999997,151.7554979236259,svm,0.00025653839111328125,26030.0
93.0,145.03327570140357,svm,0.0008199214935302734,21025.0
101.0,141.5381645902925,svm,0.0002694129943847656,21941.0
65.0,137.9754979236259,svm,0.0002543926239013672,0.0
106.99999999999997,127.81683125695913,svm,0.0002620220184326172,0.0
86.99999999999999,130.86838681251479,svm,0.0006279945373535156,0.0
78.99999999999999,125.88038681251466,svm,0.0005853176116943359,0.0
84.99999999999999,125.90394236807025,svm,0.0005738735198974609,0.0
84.99999999999999,123.3159423680703,svm,0.0005526542663574219,0.0
78.99999999999999,124.48794236807022,svm,0.0006096363067626953,20507.0
81.0,121.81549792362577,svm,0.0006306171417236328,0.0
93.0,121.23994236807025,svm,0.0008003711700439453,31844.0
43.0,123.68794236807025,svm,0.0006749629974365234,20949.0
81.0,81.10107929286472,linear,0.0016100406646728516,21590.0
53.0,80.74362561908221,linear,0.00040340423583984375,25877.0
67.0,77.646939343489,linear,0.0007739067077636719,19729.0
65.0,76.08230178294099,linear,0.0004901885986328125,0.0
39.0,73.00405570339882,linear,0.0004923343658447266,0.0
53.0,72.31956123103747,linear,0.0006535053253173828,0.0
43.0,69.19727110141305,linear,0.0008821487426757812,20919.0
65.0,67.96296032780279,linear,0.0004520416259765625,0.0
50.999999999999986,67.86127723874515,linear,0.0004565715789794922,0.0
55.00000000000001,66.30418534974262,linear,0.00044083595275878906,0.0
33.00000000000001,68.10846125945824,linear,0.0005507469177246094,19637.0
45.000000000000014,65.71640730187121,linear,0.0004391670227050781,19759.0
50.999999999999986,65.89487891703698,linear,0.0007817745208740234,25145.0
19.000000000000007,64.37005072229975,linear,0.0007150173187255859,26625.0
43.0,60.57078895999655,linear,0.0008795261383056641,25527.0
39.0,59.3084250710086,linear,0.000873565673828125,28685.0
50.999999999999986,59.95711734730205,linear,0.0008599758148193359,24535.0
33.00000000000001,60.7249922084663,linear,0.0006039142608642578,0.0
29.000000000000004,58.68330464721993,linear,0.0005092620849609375,26320.0
48.99999999999999,59.701788127781036,linear,0.0005831718444824219,0.0
43.0,60.46636878055598,linear,0.0006151199340820312,0.0
43.0,60.91308504019103,linear,0.0007774829864501953,25252.0
50.999999999999986,60.06460124905795,linear,0.0008170604705810547,19149.0
35.0,62.16015807409162,linear,0.0007271766662597656,27129.0
21.0,62.7250660127391,linear,0.0009646415710449219,0.0
30.999999999999996,59.433957738063214,linear,0.0004787445068359375,14633.0
37.00000000000001,58.052310398908894,linear,0.0009274482727050781,24336.0
33.00000000000001,57.390413184734044,linear,0.0004971027374267578,0.0
37.00000000000001,55.39527295796258,linear,0.0006351470947265625,16814.0
47.00000000000001,55.6798533731337,linear,0.00048828125,0.0
30.999999999999996,58.67870350461417,linear,0.0008361339569091797,20583.0
30.999999999999996,58.60955334663542,linear,0.0006797313690185547,0.0
37.00000000000001,57.903392126568455,linear,0.0004355907440185547,24337.0
33.00000000000001,36.031043082475655,lstm,0.002155303955078125,24596.0
48.99999999999999,35.1193681359291,lstm,0.0013117790222167969,13137.0
30.999999999999996,39.262113571166985,lstm,0.001880645751953125,11886.0
